Date,Moment,ArtistFrom,AlbumFrom,SongFrom,ArtistTo,AlbumTo,SongTo,RootNode,AlbumSong,Repetitions,Device,isStreaming,isFirstListeningAlbum,Notes
12-12-2017,Evening,Led Zeppelin,IV,When The Levee Breaks,Led Zeppelin,IV,When The Levee Breaks,Y,S,3,Smartphone,N,N,
12-12-2017,Evening,deadmau5,Random Album Title,I Remember,deadmau5,Random Album Title,I Remember,Y,S,8,Smartphone,N,N,
12-12-2017,Evening,deadmau5,Random Album Title,I Remember,Muse,The 2nd Law,Animals,N,S,10,Smartphone,N,N,
12-12-2017,Evening,Muse,The 2nd Law,Animals,Mogwai,Hardcore Will Never Die But You Will,White Noise,N,A,1,Laptop,N,N,
12-12-2017,Evening,Mogwai,Hardcore Will Never Die But You Will,Too Raging To Cheers,Mogwai,Rave Tapes,Heard About You Last Night,N,S,3,Laptop,N,N,
13-12-2017,Evening,Mogwai,Rave Tapes,Heard About You Last Night,Radiohead,Amnesiac,Pyramid Song,N,S,7,Smartphone,N,N,
14-12-2017,Morning,The Bloody Beetroots,Romborama,House No. 84,The Bloody Beetroots,Romborama,House No. 84,Y,S,10,Smartphone,N,N,
15-12-2017,Morning,Calcutta,Evergreen,Orgasmo,Calcutta,Evergreen,Orgasmo,Y,S,3,Laptop,Y,Y,
15-12-2017,Morning,Warhaus,We Fucked A Flame Into Being,Beaches,Warhaus,We Fucked A Flame Into Being,Beaches,Y,S,2,Laptop,N,N,
15-12-2017,Morning,Warhaus,We Fucked A Flame Into Being,I’m Not Him,Warhaus,We Fucked A Flame Into Being,I’m Not Him,N,A,2,Laptop,N,N,
17-12-2017,Evening,Warhaus,We Fucked A Flame Into Being,I’m Not Him,Arctic Monkeys,Suck It And See,Brick By Brick,N,A,4,Laptop,N,N,
18-12-2017,Morning,Arctic Monkeys,Suck It And See,Brick By Brick,Arctic Monkeys,Humbug,My Propeller,N,A,2,Laptop,N,N,
18-12-2017,Morning,Arctic Monkeys,Humbug,My Propeller,Arctic Monkeys,AM,Do I Wanna Know?,N,A,2,Laptop,N,N,
18-12-2017,Evening,Arctic Monkeys,AM,Do I Wanna Know?,Childish Gambino,"Awaken, My Love!",Me And Your Mama,N,A,3,Laptop,N,N,
18-12-2017,Evening,Childish Gambino,"Awaken, My Love!",Me And Your Mama,Childish Gambino,"Awaken, My Love!",Me And Your Mama,N,S,5,Laptop,N,N,
18-12-2017,Evening,Childish Gambino,"Awaken, My Love!",Me And Your Mama,Childish Gambino,"Awaken, My Love!",Redbone,N,S,2,Smartphone,N,N,
19-12-2017,Evening,Childish Gambino,"Awaken, My Love!",Redbone,Childish Gambino,"Awaken, My Love!",Redbone,N,S,10,Smartphone,N,N,
20-12-2017,Morning,Childish Gambino,"Awaken, My Love!",Redbone,Childish Gambino,"Awaken, My Love!",Me And Your Mama,N,S,3,Smartphone,N,N,
20-12-2017,Morning,Childish Gambino,"Awaken, My Love!",Me And Your Mama,Childish Gambino,"Awaken, My Love!",Redbone,N,S,3,Smartphone,N,N,
20-12-2017,Morning,Childish Gambino,"Awaken, My Love!",Redbone,Childish Gambino,"Awaken, My Love!",Riot,N,S,4,Smartphone,N,N,
20-12-2017,Evening,Childish Gambino,"Awaken, My Love!",Riot,Childish Gambino,"Awaken, My Love!",Riot,N,S,15,Smartphone,N,N,
20-12-2017,Evening,Childish Gambino,"Awaken, My Love!",Riot,Jamie XX,In Colour,Gosh,N,A,2,Smartphone,N,N,
23-12-2017,Evening,Jamie XX,In Colour,Gosh,Rage Against The Machine,Rage Against The Machine,Killing In The Name Of,N,S,5,Laptop,N,N,
23-12-2017,Evening,Rage Against The Machine,Rage Against The Machine,Killing In The Name Of,Rage Against The Machine,Rage Against The Machine,Bombtrack,Y,A,4,Laptop,N,Y,
24-12-2017,Evening,Rage Against The Machine,Rage Against The Machine,Bombtrack,Rage Against The Machine,Rage Against The Machine,Bombtrack,N,A,3,Laptop,N,N,
24-12-2017,Evening,Rage Against The Machine,Rage Against The Machine,Bombtrack,Cypress Hill,Rise Up,It Aint Nothing,N,A,2,Laptop,N,N,
24-12-2017,Evening,Cypress Hill,Rise Up,It Aint Nothing,Run The Jewels,Run The Jewels 2,Jeopardy,N,A,1,Laptop,N,N,
24-12-2017,Evening,Run The Jewels,Run The Jewels 2,Angel Duster,Run The Jewels,Run The Jewels 2,Angel Duster,Y,S,6,Laptop,N,N,
29-12-2017,Evening,Franz Ferdinand,Always Ascending,Always Ascending,Franz Ferdinand,Always Ascending,Always Ascending,Y,S,6,Laptop,Y,Y,
29-12-2017,Evening,Franz Ferdinand,Always Ascending,Always Ascending,Tame Impala,Currents,Let It Happen,N,A,1,Laptop,N,N,
30-12-2017,Evening,Major Lazer,Peace Is The Mission,Lean On,Major Lazer,Peace Is The Mission,Lean On,Y,S,4,Smartphone,Y,N,
31-12-2017,Morning,Primal Scream,Screamadelica,Movin On Up,Primal Scream,Screamadelica,Movin On Up,Y,A,2,Laptop,N,N,
31-12-2017,Evening,Primal Scream,Screamadelica,Movin On Up,Primal Scream,Primal Scream,Ivy Ivy Ivy,N,A,3,Laptop,N,Y,
31-12-2017,Evening,Primal Scream,Primal Scream,Ivy Ivy Ivy,Oasis,Dig Out Your Soul,Bag It Up,N,A,1,Laptop,N,N,
01-01-2018,Evening,Oasis,Dig Out Your Soul,Bag It Up,Oasis,Dig Out Your Soul,The Turning,N,S,1,Laptop,N,N,
02-01-2018,Evening,Oasis,Dig Out Your Soul,The Turning,Oasis,Dig Out Your Soul,Bag It Up,N,A,4,Laptop,N,N,
02-01-2018,Evening,Oasis,Dig Out Your Soul,Bag It Up,Primal Scream,Primal Scream,Ivy Ivy Ivy,N,A,2,Laptop,N,N,
02-01-2018,Evening,Primal Scream,Screamadelica,Ivy Ivy Ivy,Primal Scream,Screamadelica,Movin On Up,N,A,1,Laptop,N,N,
02-01-2018,Evening,Primal Scream,Screamadelica,Movin On Up,Primal Scream,Screamadelica,Movin On Up,N,S,4,Laptop,N,N,
03-01-2018,Evening,Primal Scream,Screamadelica,Movin On Up,Oasis,Standing On The Shoulder Of Giants,Fuckin In The Bushes,Y,A,3,Laptop,N,N,
04-01-2018,Evening,Kölsch,1977,Loreley,Kölsch,1977,Loreley,Y,S,5,Laptop,Y,Y,
04-01-2018,Evening,Kölsch,1977,Loreley,Kölsch,Speicher 93,Grey,N,S,3,Laptop,Y,Y,
05-01-2018,Evening,deadmau5,stuff I used to do,Unspecial Effects,deadmau5,stuff I used to do,Unspecial Effects,Y,S,10,Laptop,Y,N,
05-01-2018,Evening,deadmau5,stuff I used to do,Unspecial Effects,deadmau5,stuff I used to do,Messages From Nowhere,N,A,1,Laptop,N,N,
05-01-2018,Evening,deadmau5,stuff I used to do,Messages From Nowhere,deadmau5,W:/2016ALBUM/,4ware,N,A,1,Laptop,N,N,
05-01-2018,Evening,deadmau5,W:/2016ALBUM/,4ware,deadmau5,//,71c,N,S,4,Laptop,N,N,
07-01-2018,Evening,Radiohead,Amnesiac,Life In A Glasshouse,Radiohead,Amnesiac,Life In A Glasshouse,Y,S,5,Smartphone,N,N,
08-01-2018,Morning,Radiohead,Amnesiac,Life In A Glasshouse,Rage Against The Machine,Rage Against The Machine,Bombtrack,N,A,3,Smartphone,N,N,
08-01-2018,Evening,Rage Against The Machine,Rage Against The Machine,Bombtrack,Rage Against The Machine,Rage Against The Machine,Bombtrack,N,A,4,Laptop,N,N,
09-01-2018,Morning,Rage Against The Machine,Rage Against The Machine,Bombtrack,Rage Against The Machine,Rage Against The Machine,Bombtrack,N,A,4,Laptop,N,N,
09-01-2018,Evening,Rage Against The Machine,Rage Against The Machine,Bombtrack,Rage Against The Machine,Rage Against The Machine,Bombtrack,N,A,2,Laptop,N,N,
10-01-2018,Morning,Rage Against The Machine,Rage Against The Machine,Bombtrack,Rage Against The Machine,Rage Against The Machine,Bombtrack,N,A,2,Laptop,N,N,
10-01-2018,Evening,Rage Against The Machine,Rage Against The Machine,Bombtrack,The Prodigy,Invaders Must Die,Invaders Must Die,N,S,6,Laptop,N,N,
10-01-2018,Evening,The Prodigy,Invaders Must Die,Invaders Must Die,The Prodigy,Invaders Must Die,Invaders Must Die,N,A,1,Laptop,N,N,
10-01-2018,Evening,The Prodigy,Invaders Must Die,Invaders Must Die,Klaxons,Myths Of The Near Future,Two Receivers,N,A,2,Laptop,N,N,
11-01-2018,Evening,Klaxons,Myths Of The Near Future,Two Receivers,The Prodigy,The Fat Of The Land,Smack My Bitch Up,N,A,1,Laptop,N,Y,
11-01-2018,Evening,The Prodigy,The Fat Of The Land,Smack My Bitch Up,Rage Against The Machine,Rage Against The Machine,Bombtrack,N,A,1,Smartphone,N,N,
12-01-2018,Morning,Kölsch,1977,Goldfisch,Kölsch,1977,Goldfisch,Y,A,2,Laptop,N,Y,
13-01-2018,Morning,Kölsch,1977,Goldfisch,Kölsch,1977,Goldfisch,N,S,9,Laptop,N,N,
13-01-2018,Evening,Kölsch,1977,Goldfisch,Moby,Play,Honey,N,A,1,Smartphone,N,N,
13-01-2018,Evening,Highly Suspect,Mister Asylum,Lydia,Highly Suspect,Mister Asylum,Lydia,Y,S,6,Laptop,N,Y,
13-01-2018,Evening,Highly Suspect,Mister Asylum,Lydia,Highly Suspect,Mister Asylum,Bath Salts,N,S,1,Laptop,N,N,
13-01-2018,Evening,Highly Suspect,Mister Asylum,Bath Salts,Highly Suspect,Mister Asylum,Mister Asylum,N,A,2,Laptop,N,N,
14-01-2018,Evening,Highly Suspect,Mister Asylum,Mister Asylum,Highly Suspect,Mister Asylum,Mister Asylum,N,A,1,Smartphone,N,N,
15-01-2018,Morning,Highly Suspect,Mister Asylum,Mister Asylum,Highly Suspect,Mister Asylum,Mister Asylum,N,A,1,Smartphone,N,N,
15-01-2018,Evening,Highly Suspect,Mister Asylum,Mister Asylum,Queens Of The Stone Age,Villains,Feet Don’t Fail Me,N,A,1,Smartphone,N,N,
15-01-2018,Evening,Queens Of The Stone Age,Villains,Feet Don’t Fail Me,Queens Of The Stone Age,…Like Clockwork,Keep Your Eyes Peeled,N,A,5,Smartphone,N,Y,
15-01-2018,Evening,Queens Of The Stone Age,…Like Clockwork,Keep Your Eyes Peeled,Queens Of The Stone Age,…Like Clockwork,My God Is The Sun,N,S,4,Smartphone,N,N,
15-01-2018,Evening,Queens Of The Stone Age,…Like Clockwork,Keep Your Eyes Peeled,Arctic Monkeys,Humbug,Fire And The Thud,N,S,5,Smartphone,N,N,
15-01-2018,Evening,Arctic Monkeys,Humbug,Fire And The Thud,Queens Of The Stone Age,…Like Clockwork,My God Is The Sun,N,S,7,Smartphone,N,N,
15-01-2018,Evening,Queens Of The Stone Age,…Like Clockwork,My God Is The Sun,Queens Of The Stone Age,…Like Clockwork,My God Is The Sun,N,S,11,Laptop,N,N,
16-01-2018,Evening,Queens Of The Stone Age,…Like Clockwork,My God Is The Sun,Queens Of The Stone Age,…Like Clockwork,My God Is The Sun,N,S,5,Smartphone,N,N,
16-01-2018,Evening,Queens Of The Stone Age,…Like Clockwork,My God Is The Sun,Queens Of The Stone Age,…Like Clockwork,Keep Your Eyes Peeled,N,A,2,Smartphone,N,N,
17-01-2018,Morning,Queens Of The Stone Age,…Like Clockwork,Keep Your Eyes Peeled,Queens Of The Stone Age,…Like Clockwork,Keep Your Eyes Peeled,N,A,3,Laptop,N,N,
17-01-2018,Evening,Queens Of The Stone Age,…Like Clockwork,Keep Your Eyes Peeled,Queens Of The Stone Age,…Like Clockwork,…Like Clockwork,N,S,11,Laptop,N,N,
18-01-2018,Morning,Queens Of The Stone Age,…Like Clockwork,…Like Clockwork,Pink Floyd,Pulse (CD 1),Shine On You Crazy Diamond,N,A,1,Laptop,N,N,
18-01-2018,Morning,Pink Floyd,Pulse (CD 1),Shine On You Crazy Diamond,Pink Floyd,Pulse (CD 1),Shine On You Crazy Diamond,N,S,1,Laptop,N,N,
18-01-2018,Morning,Pink Floyd,Pulse (CD 1),Shine On You Crazy Diamond,Pink Floyd,Pulse (CD 2),Speak To Me,N,A,1,Laptop,N,N,
18-01-2018,Evening,Pink Floyd,Pulse (CD 2),Speak To Me,Pink Floyd,A Momentary Lapse Of Reason,Signs Of Life,N,A,1,Laptop,N,N,
19-01-2108,Morning,Pink Floyd,A Momentary Lapse Of Reason,Signs Of Life,Queens Of The Stone Age,…Like Clockwork,Keep Your Eyes Peeled,N,A,5,Laptop,N,N,
19-01-2108,Evening,Queens Of The Stone Age,…Like Clockwork,Keep Your Eyes Peeled,Queens Of The Stone Age,…Like Clockwork,I Appear Missing,N,S,8,Laptop,N,N,
19-01-2108,Evening,Queens Of The Stone Age,…Like Clockwork,I Appear Missing,Queens Of The Stone Age,Villains,Feet Don’t Fail Me,N,A,3,Laptop,N,N,
19-01-2108,Evening,Queens Of The Stone Age,Villains,Feet Don’t Fail Me,Queens Of The Stone Age,…Like Clockwork,I Appear Missing,N,A,1,Laptop,N,N,
20-01-2018,Evening,Queens Of The Stone Age,…Like Clockwork,I Appear Missing,Pink Floyd,Pulse (CD 2),Money,N,S,7,Laptop,N,N,
20-01-2018,Evening,Rage Against The Machine,Rage Against The Machine,Take The Power Back,Rage Against The Machine,Rage Against The Machine,Take The Power Back,Y,S,9,Laptop,N,N,
21-01-2018,Morning,Rage Against The Machine,Rage Against The Machine,Take The Power Back,Queens Of The Stone Age,…Like Clockwork,My God Is The Sun,N,S,3,Smartphone,N,N,
22-01-2018,Evening,Rage Against The Machine,Rage Against The Machine,Take The Power Back,Oasis,Dig Out Your Soul,The Turning,N,S,4,Laptop,N,N,
22-01-2018,Morning,Oasis,Dig Out Your Soul,The Turning,Rage Against The Machine,Rage Against The Machine,Take The Power Back,N,S,6,Smartphone,N,N,Exam
25-01-2018,Evening,Daft Punk,Discovery,One More Time,Daft Punk,Discovery,One More Time,Y,A,3,Laptop,N,N,
25-01-2018,Evening,Daft Punk,Discovery,One More Time,Daft Punk,Human After All,Human After All,N,A,1,Laptop,N,N,
26-01-2018,Evening,Daft Punk,Human After All,Human After All,Daft Punk,Alive 2007,Robot Rock / Oh Yeah,N,A,1,Laptop,N,N,
26-01-2018,Evening,Daft Punk,Alive 2007,Robot Rock / Oh Yeah,Daft Punk,Alive 2007,Encore - Human After All / Together - Together / One More Time (reprise) / Stardust - Music Sounds Better with You,N,S,3,Laptop,N,N,
26-01-2018,Evening,Daft Punk,Alive 2007,Encore - Human After All / Together - Together / One More Time (reprise) / Stardust - Music Sounds Better with You,Daft Punk,Homework,Daftendirekt,N,A,1,Laptop,N,Y,
26-01-2018,Evening,Daft Punk,Homework,Daftendirekt,Daft Punk,Random Access Memories,Give Life Back To Music,N,A,1,Laptop,N,N,
26-01-2018,Evening,Daft Punk,Random Access Memories,Give Life Back To Music,Daft Punk,Random Access Memories,Doin It Right,N,S,3,Laptop,N,N,
26-01-2018,Evening,Daft Punk,Random Access Memories,Doin It Right,Feed Me,Psychedelic Journey,Patience,N,S,1,Laptop,N,N,
26-01-2018,Evening,Feed Me,Psychedelic Journey,Patience,Feed Me,Psychedelic Journey,Patience,N,A,1,Laptop,N,N,
27-01-2018,Morning,Feed Me,Psychedelic Journey,Patience,Feed Me,Psychedelic Journey,Patience,N,A,1,Laptop,N,N,
27-01-2018,Morning,Feed Me,Psychedelic Journey,Patience,Feed Me,Calamari Tuesday,Orion,N,A,1,Laptop,N,N,
28-01-2018,Morning,Feed Me,Calamari Tuesday,Orion,Feed Me,Calamari Tuesday,Orion,N,A,1,Laptop,N,N,
28-01-2018,Morning,Feed Me,Calamari Tuesday,Orion,Netsky,2 Deluxe,Love Has Gone,N,A,1,Laptop,N,N,
28-01-2018,Evening,Netsky,2 Deluxe,Love Has Gone,Netsky,3,Thunder,N,S,1,Laptop,N,N,
28-01-2018,Evening,Netsky,3,Thunder,Netsky,3,Rio,N,S,10,Laptop,N,N,
28-01-2018,Evening,Netsky,3,Rio,Netsky,3,Thunder,N,A,1,Laptop,N,N,
29-01-2018,Morning,Netsky,3,Thunder,Kölsch,1977,Goldfisch,N,A,2,Laptop,N,N,
29-01-2018,Morning,Kölsch,1977,Goldfisch,Kölsch,1977,Goldfisch,N,A,3,Laptop,N,N,
29-01-2018,Evening,Kölsch,1977,Goldfisch,Kölsch,Kölsch Remix Collection (Disc 1),Deep Inside (Kölsch Vocal Mix),N,A,1,Laptop,N,N,
30-01-2018,Morning,Kölsch,Kölsch Remix Collection (Disc 1),Deep Inside (Kölsch Vocal Mix),Kölsch,Kölsch Remix Collection (Disc 1),Deep Inside (Kölsch Vocal Mix),N,A,2,Laptop,N,N,
30-01-2018,Morning,Kölsch,Kölsch Remix Collection (Disc 1),Deep Inside (Kölsch Vocal Mix),Kölsch,Kölsch Remix Collection (Disc 2),The Monk (Kölsch Remix),N,A,1,Laptop,N,N,
30-01-2018,Morning,Kölsch,Kölsch Remix Collection (Disc 2),The Monk (Kölsch Remix),Kölsch,Kölsch Remix Collection (Disc 1),Deep Inside (Kölsch Vocal Mix),N,S,1,Laptop,N,N,
01-02-2018,Evening,Primal Scream,Primal Scream,Ivy Ivy Ivy,Primal Scream,Primal Scream,Ivy Ivy Ivy,Y,A,2,Laptop,N,N,
01-02-2018,Evening,Primal Scream,Primal Scream,Ivy Ivy Ivy,Primal Scream,Screamadelica,Loaded,N,S,2,Laptop,N,N,
01-02-2018,Evening,Primal Scream,Screamadelica,Loaded,The Rolling Stones,Let It Bleed,You Can't Always Get What You Want,N,S,1,Laptop,N,N,
01-02-2018,Evening,The Rolling Stones,Let It Bleed,You Can't Always Get What You Want,Primal Scream,Primal Scream,I'm Losing More Than I'll Ever Have,N,S,8,Smartphone,N,N,
01-02-2018,Evening,Primal Scream,Primal Scream,I'm Losing More Than I'll Ever Have,Primal Scream,Screamadelica,Loaded,N,S,6,Smartphone,N,N,
02-02-2108,Evening,Primal Scream,Screamadelica,Loaded,Primal Scream,Primal Scream,Ivy Ivy Ivy,N,A,2,Laptop,N,N,
04-02-2018,Evening,Primal Scream,Primal Scream,Ivy Ivy Ivy,Primal Scream,Primal Scream,I'm Losing More Than I'll Ever Have,N,S,3,Laptop,N,N,
04-02-2018,Evening,Primal Scream,Primal Scream,I'm Losing More Than I'll Ever Have,Oasis,Dig Out Your Soul,Bag It Up,N,A,1,Smartphone,N,N,
04-02-2018,Evening,Oasis,Dig Out Your Soul,Bag It Up,Rage Against The Machine,Rage Against The Machine,Bombtrack,N,A,1,Smartphone,N,N,
05-02-2018,Evening,Rage Against The Machine,Rage Against The Machine,Take The Power Back,Rage Against The Machine,Rage Against The Machine,Take The Power Back,N,A,4,Smartphone,N,N,Exam
06-02-2018,Morning,Rage Against The Machine,Rage Against The Machine,Take The Power Back,Rage Against The Machine,Rage Against The Machine,Take The Power Back,N,A,5,Smartphone,N,N,Exam
06-02-2018,Evening,Radiohead,Amnesiac,Packt Like Sardines in a Crushd Tin Box,Radiohead,Amnesiac,Packt Like Sardines in a Crushd Tin Box,Y,A,1,Smartphone,N,N,Exam
07-02-2018,Evening,The War On Drugs,Lost In The Dream,Under the Pressure,The War On Drugs,Lost In The Dream,Under the Pressure,Y,A,1,Laptop,N,N,
07-02-2018,Evening,The War On Drugs,Lost In The Dream,Under the Pressure,Todd Terje,It’s Album Time,Intro (It’s Album Time),N,A,2,Laptop,N,N,
07-02-2018,Evening,Todd Terje,It’s Album Time,Intro (It’s Album Time),Todd Terje,It’s Album Time,Inspector Norse,N,S,9,Laptop,N,N,
07-02-2018,Evening,Todd Terje,It’s Album Time,Inspector Norse,Todd Terje,It’s Album Time,Alfonso Muskedunder,N,S,1,Laptop,N,N,
08-02-2018,Morning,Todd Terje,It’s Album Time,Alfonso Muskedunder,Todd Terje,It’s Album Time,Intro (It’s Album Time),N,A,2,Laptop,N,N,
08-02-2018,Evening,Todd Terje,It’s Album Time,Intro (It’s Album Time),Todd Terje,It’s Album Time,Intro (It’s Album Time),N,A,4,Laptop,N,N,
08-02-2018,Evening,Todd Terje,It’s Album Time,Intro (It’s Album Time),Todd Terje,It’s Album Time,Swing Star (Part 1),N,S,1,Laptop,N,N,
09-02-2018,Evening,Todd Terje,It’s Album Time,Swing Star (Part 1),Todd Terje,It’s Album Time,Inspector Norse,N,S,11,Laptop,N,N,
09-02-2018,Evening,Todd Terje,It’s Album Time,Inspector Norse,Todd Terje,It’s Album Time,Swing Star (Part 1),N,S,9,Laptop,N,N,
11-02-2018,Evening,Todd Terje,It’s Album Time,Swing Star (Part 1),Todd Terje,It’s Album Time,Swing Star (Part 1),N,S,5,Laptop,N,N,
12-02-2018,Morning,Queens Of The Stone Age,...Like Clockwork,My God Is The Sun,Queens Of The Stone Age,...Like Clockwork,My God Is The Sun,Y,S,3,Laptop,N,N,
13-02-2018,Evening,Run The Jewels,Run The Jewels 2,Jeopardy,Run The Jewels,Run The Jewels 2,Jeopardy,Y,A,1,Smartphone,N,N,
13-02-2018,Evening,Run The Jewels,Run The Jewels 2,Angel Duster,Run The Jewels,Run The Jewels 2,Angel Duster,N,S,3,Smartphone,N,N,
14-02-2018,Evening,The Zen Circus,Andate Tutti Affanculo,Vecchi Senza Esperienza,The Zen Circus,Andate Tutti Affanculo,Vecchi Senza Esperienza,Y,S,2,Laptop,N,N,
14-02-2018,Evening,The Zen Circus,Andate Tutti Affanculo,Vecchi Senza Esperienza,The Zen Circus,La Terza Guerra Mondiale,Niente Di Spirituale,N,S,1,Laptop,N,N,
14-02-2018,Evening,The Zen Circus,La Terza Guerra Mondiale,Niente Di Spirituale,The Zen Circus,La Terza Guerra Mondiale,San Salvario,N,S,1,Laptop,N,N,
14-02-2018,Evening,Oasis,(What’s The Story) Morning Glory?,Morning Glory,Oasis,(What’s The Story) Morning Glory?,Morning Glory,Y,S,5,Smartphone,N,N,
14-02-2018,Evening,Oasis,(What’s The Story) Morning Glory?,Morning Glory,Oasis,Standing On The Shoulder Of Giants,Gas Panic!,N,S,4,Smartphone,N,N,
15-02-2018,Morning,Oasis,Standing On The Shoulder Of Giants,Gas Panic!,Oasis,Standing On The Shoulder Of Giants,Gas Panic!,N,S,1,Laptop,N,N,
15-02-2018,Morning,Rage Against The Machine,Rage Against The Machine,Bombtrack,Rage Against The Machine,Rage Against The Machine,Bombtrack,N,S,1,Laptop,N,N,
15-02-2018,Evening,Rage Against The Machine,Rage Against The Machine,Bombtrack,Rage Against The Machine,Rage Against The Machine,Killing In The Name Of,N,S,1,Laptop,N,N,
15-02-2018,Evening,Rage Against The Machine,Rage Against The Machine,Killing In The Name Of,Rage Against The Machine,Rage Against The Machine,Bombtrack,N,A,1,Smartphone,N,N,
16-02-2018,Morning,The Prodigy,Invaders Must Die,Omen,The Prodigy,Invaders Must Die,Omen,N,S,4,Smartphone,N,N,Exam
17-02-2018,Morning,The Zen Circus,,Catene,The Zen Circus,,Catene,Y,S,1,Smartphone,N,N,
17-02-2018,Morning,The Zen Circus,,Catene,The Zen Circus,Andate Tutti Affanculo,Vecchi Senza Esperienza,N,S,2,Smartphone,N,N,
17-02-2018,Morning,The Zen Circus,Andate Tutti Affanculo,Vecchi Senza Esperienza,The Zen Circus,La Terza Guerra Mondiale,La Terza Guerra Mondiale,N,A,1,Smartphone,N,N,
17-02-2018,Morning,The Zen Circus,La Terza Guerra Mondiale,La Terza Guerra Mondiale,Iosonouncane,DIE,Tanca,N,A,2,Smartphone,N,N,
17-02-2018,Morning,Iosonouncane,DIE,Tanca,Iosonouncane,DIE,Stormi,N,S,2,Smartphone,N,N,
17-02-2018,Morning,Iosonouncane,DIE,Stormi,Iosonouncane,DIE,Carne,N,S,2,Smartphone,N,N,
19-02-2018,Evening,Queens Of The Stone Age,...Like Clockwork,I Appear Missing,Queens Of The Stone Age,...Like Clockwork,I Appear Missing,Y,S,7,Smartphone,N,N,
20-02-2018,Evening,Queens Of The Stone Age,...Like Clockwork,I Appear Missing,Queens Of The Stone Age,...Like Clockwork,My God Is The Sun,N,S,1,Laptop,N,N,
20-02-2018,Evening,Queens Of The Stone Age,...Like Clockwork,My God Is The Sun,Queens Of The Stone Age,...Like Clockwork,Keep Your Eyes Peeled,N,A,3,Laptop,N,N,
20-02-2018,Evening,Queens Of The Stone Age,...Like Clockwork,Keep Your Eyes Peeled,Queens Of The Stone Age,...Like Clockwork,I Sat By The Ocean,N,S,1,Laptop,N,N,
20-02-2018,Evening,Queens Of The Stone Age,...Like Clockwork,I Sat by The Ocean,Queens Of The Stone Age,...Like Clockwork,The Vampyre Of Time And Memory,N,S,1,Laptop,N,N,
23-02-2018,Morning,Chick Corea Elektric Band,Beneath The Mask,Jammin E. Cricket,Chick Corea Elektric Band,Beneath The Mask,Jammin E. Cricket,Y,S,1,Laptop,Y,Y,
23-02-2018,Morning,Chick Corea Elektric Band,Beneath The Mask,Jammin E. Cricket,Chick Corea Elektric Band,Beneath The Mask,Beneath The Mask,N,S,1,Laptop,Y,N,
23-02-2018,Morning,Chick Corea Elektric Band,Beneath The Mask,Beneath The Mask,Hiromi,Voice,Voice,N,S,1,Laptop,Y,Y,
23-02-2018,Morning,Chick Corea Elektric Band,Beneath The Mask,Jammin E. Cricket,Hiromi,Labyrinth,Voice,N,S,1,Laptop,Y,Y,
23-02-2018,Morning,Hiromi,Labyrinth,Voice,Hiromi,Dreamer,Alive,N,S,1,Laptop,Y,N,
23-02-2018,Morning,Hiromi,Dreamer,Alive,Roy Hargrove,Nothing Serious,Nothing Serious,N,S,1,Laptop,Y,N,
23-02-2018,Morning,Roy Hargrove,Nothing Serious,Nothing Serious,Yiorgos Fakanas,Domino,Freedom Jazz Dance,N,S,1,Laptop,Y,Y,
23-02-2018,Morning,Yiorgos Fakanas,Domino,Freedom Jazz Dance,Sonny Rollins,The Essential Sonny Rollins: The RCA Years,The Night As A Thousand Eyes,N,S,1,Laptop,Y,Y,
23-02-2018,Morning,Sonny Rollins,The Essential Sonny Rollins: The RCA Years,The Night As A Thousand Eyes,Chick Corea Elektric Band,Chick Corea Elektric Band,Got a Match?,N,S,7,Laptop,Y,N,
23-02-2018,Evening,Chick Corea Elektric Band,The Chick Corea Elektric Band,Got a Match?,Todd Terje,It’s Album Time,Intro (It’s Album Time),N,A,2,Laptop,N,N,
23-02-2018,Evening,Todd Terje,It’s Album Time,Intro (It’s Album Time),Chick Corea Elektric Band,The Chick Corea Elektric Band,Got a Match?,N,S,8,Laptop,N,N,
24-02-2018,Evening,Chick Corea Elektric Band,The Chick Corea Elektric Band,Got a Match?,Hiromi,Alive,Alive,N,A,2,Smartphone,N,N,
25-02-2018,Morning,Hiromi,Alive,Alive,Hiromi,Alive,Alive,N,A,1,Laptop,N,N,
25-02-2018,Morning,Hiromi,Alive,Alive,Billy Cobham,Spectrum,Quadrant 4,N,A,1,Laptop,N,N,
25-02-2018,Morning,Billy Cobham,Spectrum,Quadrant 4,Billy Cobham,Spectrum,Red Baron,N,S,1,Laptop,N,N,
25-02-2018,Morning,Billy Cobham,Spectrum,Red Baron,Chick Corea Elektric Band,The Chick Corea Elektric Band,Got a Match?,N,S,1,Laptop,N,N,
25-02-2018,Evening,Chick Corea Elektric Band,The Chick Corea Elektric Band,Got a Match?,Todd Terje,It’s Album Time,Intro (It’s Album Time),N,A,1,Laptop,N,N,
26-02-2018,Morning,Todd Terje,It’s Album Time,Intro (It’s Album Time),Todd Terje,It’s Album Time,Intro (It’s Album Time),N,A,1,Laptop,N,N,
26-02-2018,Evening,Todd Terje,It’s Album Time,Intro (It’s Album Time),Ratatat,Classics,Montanita,N,A,1,Laptop,N,N,
26-02-2018,Evening,Ratatat,Classics,Montanita,Childish Gambino,"Awaken, My Love!",Me And Your Mama,N,A,3,Laptop,N,N,
26-02-2018,Evening,Childish Gambino,"Awaken, My Love!",Me And Your Mama,The War On Drugs,Lost In The Dream,Under the Pressure,N,A,2,Laptop,N,N,
26-02-2018,Evening,The War On Drugs,Lost In The Dream,Under the Pressure,The War On Drugs,Lost In The Dream,In Reverse,N,S,1,Laptop,N,N,
26-02-2018,Morning,Rage Against The Machine,Rage Against The Machine,Take The Power Back,Rage Against The Machine,Rage Against The Machine,Take The Power Back,Y,S,4,Laptop,N,N,
28-02-2018,Evening,The War On Drugs,Lost In The Dream,Under the Pressure,The War On Drugs,Lost In The Dream,Under the Pressure,Y,A,1,Laptop,N,N,
01-03-2018,Morning,The War On Drugs,Lost In The Dream,Under the Pressure,The War On Drugs,Lost In The Dream,Under the Pressure,N,A,1,Laptop,N,N,
01-03-2018,Evening,deadmau5,For Lack Of A Better Name,Strobe,deadmau5,For Lack Of A Better Name,Strobe,Y,S,6,Smartphone,N,N,
02-03-2018,Evening,Gorillaz,Gorillaz,Re-Hash,Gorillaz,Gorillaz,Re-Hash,Y,A,1,Laptop,N,N,
04-03-2018,Evening,Radiohead,Amnesiac,Pyramid Song,Radiohead,Amnesiac,Pyramid Song,Y,S,5,Smartphone,N,N,
05-03-2018,Morning,Gorillaz,Gorillaz,Re-Hash,Gorillaz,Gorillaz,Re-Hash,Y,A,1,Laptop,N,N,
05-03-2018,Evening,Gorillaz,Gorillaz,Re-Hash,Radiohead,Amnesiac,Packt Like Sardines in a Crushd Tin Box,N,A,1,Smartphone,N,N,
05-03-2018,Evening,Radiohead,Amnesiac,Packt Like Sardines in a Crushd Tin Box,Radiohead,Kid A,Everything In Its Right Place,N,A,1,Smartphone,N,N,
05-03-2018,Evening,Radiohead,Kid A,Everything In Its Right Place,Klangkarussell,Eistee Aus Der Dose,Netzwerk,N,A,1,Smartphone,N,N,
05-03-2018,Evening,Klangkarussell,Eistee Aus Der Dose,Netzwerk,Klangkarussell,Netzwerk,Netzwerk,N,S,2,Smartphone,N,N,
07-03-2018,Evening,Butch,Dope,Dope,Butch,Dope,Dope,Y,S,7,Smartphone,N,N,
09-03-2018,Evening,The Last Shadow Puppets,Everything You’ve Come To Expect,Aviation,The Last Shadow Puppets,Everything You’ve Come To Expect,Aviation,Y,A,1,Smartphone,N,N,
09-03-2018,Evening,The Last Shadow Puppets,Everything You’ve Come To Expect,Aviation,The Last Shadow Puppets,Everything You’ve Come To Expect,Bad Habits,N,S,2,Smartphone,N,N,
12-03-2018,Evening,SBTRKT,Wonder Where We Land,Everybody Knows,SBTRKT,Wonder Where We Land,Everybody Knows,Y,S,11,Laptop,N,N,
13-03-2018,Evening,The Kills,Ash & Ice,Doing It to Death,The Kills,Ash & Ice,Doing It to Death,Y,A,1,Laptop,N,Y,
13-03-2018,Evening,The Kills,Ash & Ice,Doing It to Death,The Last Shadow Puppets,Everything You’ve Come To Expect,Bad Habits,N,S,2,Smartphone,N,N,
15-03-2018,Morning,The Last Shadow Puppets,Everything You’ve Come To Expect,Bad Habits,The Kills,Ash & Ice,Doing It to Death,N,A,1,Smartphone,N,N,
15-03-2018,Morning,The Kills,Ash & Ice,Doing It to Death,The Kills,Ash & Ice,Doing It to Death,N,A,1,Laptop,N,N,
15-03-2018,Evening,The Kills,Ash & Ice,Doing It to Death,The Kills,Ash & Ice,Doing It to Death,N,A,1,Smartphone,N,N,
15-03-2018,Evening,The Kills,Ash & Ice,Doing It to Death,The Kills,Keep On Your Mean Side,Fuck The People,N,S,1,Smartphone,N,N,
16-03-2018,Morning,The Kills,Keep On Your Mean Side,Fuck The People,The Kills,Keep On Your Mean Side,Superstition,N,A,2,Smartphone,N,N,
16-03-2018,Morning,The Kills,Keep On Your Mean Side,Superstition,The Kills,No Wow,No Wow,N,A,1,Smartphone,N,N,
16-03-2018,Morning,The Kills,No Wow,No Wow,The Kills,Midnight Boom,U.R.A Fever,N,A,1,Smartphone,N,N,
16-03-2018,Evening,The Kills,Midnight Boom,U.R.A Fever,The Kills,Future Starts Slow,Future Starts Slow,N,A,2,Smartphone,N,N,
16-03-2018,Evening,The Kills,Future Starts Slow,Future Starts Slow,The Kills,Future Starts Slow,Future Starts Slow,N,S,4,Smartphone,N,N,
16-03-2018,Evening,The Kills,Future Starts Slow,Future Starts Slow,The Kills,Future Starts Slow,Future Starts Slow,N,S,5,Smartphone,N,N,
17-03-2018,Evening,The Kills,Future Starts Slow,Future Starts Slow,The Kills,Ash & Ice,Doing It to Death,N,A,3,Laptop,N,N,
18-03-2018,Evening,The War On Drugs,A Deeper Understanding,Up All Night,The War On Drugs,A Deeper Understanding,Up All Night,Y,A,1,Smartphone,N,N,
19-03-2018,Morning,The War On Drugs,A Deeper Understanding,Up All Night,The War On Drugs,Lost In The Dream,Under the Pressure,N,A,2,Smartphone,N,N,
19-03-2018,Morning,The War On Drugs,Lost In The Dream,Under the Pressure,Alt-J,An Awesome Wave,Intro,N,A,1,Smartphone,N,N,
19-03-2018,Morning,Alt-J,An Awesome Wave,Intro,Alt-J,This Is All Yours,Intro,N,A,1,Smartphone,N,N,
19-03-2018,Evening,Alt-J,This Is All Yours,Intro,Queens Of The Stone Age,...Like Clockwork,Keep Your Eyes Peeled,N,A,3,Smartphone,N,N,
22-03-2018,Morning,Queens Of The Stone Age,...Like Clockwork,Keep Your Eyes Peeled,The Kills,Future Starts Slow,Future Starts Slow,N,A,2,Smartphone,N,N,
22-03-2018,Morning,Queens Of The Stone Age,...Like Clockwork,Keep Your Eyes Peeled,Franz Ferdinand,Tonight: Franz Ferdinand,Ulysses,N,A,1,Smartphone,N,N,
22-03-2018,Morning,Franz Ferdinand,Tonight: Franz Ferdinand,Ulysses,Franz Ferdinand,Tonight: Franz Ferdinand,Ulysses,N,S,7,Smartphone,N,N,
22-03-2018,Evening,Jack White,Boarding House Reach,Ice Station Zebra,Jack White,Boarding House Reach,Ice Station Zebra,Y,S,1,Laptop,Y,Y,
23-03-2018,Evening,Franz Ferdinand,Always Ascending,Always Ascending,Franz Ferdinand,Always Ascending,Always Ascending,Y,A,2,Smartphone,N,Y,
24-03-2018,Evening,The Dead Weather,Dodge And Burn,I Feel Love (Every Millions Miles),The Dead Weather,Dodge And Burn,I Feel Love (Every Millions Miles),Y,S,1,Laptop,N,N,
24-03-2018,Evening,The Dead Weather,Dodge And Burn,I Feel Love (Every Millions Miles),Jack White,Lazaretto,Three Women,N,A,1,Laptop,N,N,
24-03-2018,Evening,Jack White,Lazaretto,Three Women,Jack White,Boarding House Reach,Connected By Love,N,A,1,Laptop,N,Y,
26-03-2018,Morning,Hiromi,Alive,Alive,Hiromi,Alive,Alive,Y,A,2,Laptop,N,N,
26-03-2018,Morning,Todd Terje,It’s Album Time,Intro (It’s Album Time),Todd Terje,It’s Album Time,Intro (It’s Album Time),Y,A,3,Laptop,N,N,
26-03-2018,Evening,Todd Terje,It’s Album Time,Intro (It’s Album Time),Todd Terje,It’s Album Time,Delorean Dynamite,N,S,7,Laptop,N,N,
26-03-2018,Evening,Todd Terje,It’s Album Time,Delorean Dynamite,Todd Terje,It’s Album Time,Swing Star (Part 1),N,S,8,Laptop,N,N,
27-03-2018,Evening,Todd Terje,It’s Album Time,Delorean Dynamite,Todd Terje,It’s Album Time,Delorean Dynamite,N,S,4,Smartphone,N,N,
28-03-2018,Morning,Todd Terje,It’s Album Time,Delorean Dynamite,Todd Terje,It’s Album Time,Delorean Dynamite,N,A,1,Smartphone,N,N,
28-03-2018,Morning,Todd Terje,It’s Album Time,Delorean Dynamite,HOME,Odyssey,Intro,N,A,3,Smartphone,N,N,
04-04-2018,Evening,HOME,Odyssey,Intro,Todd Terje,It’s Album Time,Intro (It’s Album Time),N,A,1,Smartphone,N,N,
05-04-2018,Morning,Todd Terje,It’s Album Time,Intro (It’s Album Time),HOME,Odyssey,Intro,N,A,3,Laptop,N,N,
05-04-2018,Evening,Todd Terje,It’s Album Time,Intro (It’s Album Time),Tangerine Dream,Dream Sequence,The Dream Is Always The Same (CD1),N,A,1,Laptop,N,Y,
06-04-2018,Morning,Arctic Monkeys,Early B-Sides,Settle For A Draw,Arctic Monkeys,Early B-Sides,Settle For A Draw,Y,S,4,Smartphone,N,N,
06-04-2018,Morning,Arctic Monkeys,Early B-Sides,Settle For A Draw,Arctic Monkeys,Favourite Worst Nightmare,Brianstorm,N,A,2,Laptop,N,N,
06-04-2018,Morning,Arctic Monkeys,Favourite Worst Nightmare,Brianstorm,Arctic Monkeys,Suck It And See,She’s Thunderstorms,N,A,2,Laptop,N,N,
06-04-2018,Evening,Arctic Monkeys,Suck It And See,She’s Thunderstorms,Kasabian,For Crying Out Loud,You’re In Love With a Psycho,N,A,2,Laptop,N,N,
07-04-2018,Evening,Alt-J,Relaxer,3WW,Alt-J,Relaxer,3WW,Y,A,2,Laptop,N,N,
08-04-2018,Evening,Alt-J,Relaxer,3WW,Alt-J,This Is All Yours,Intro,N,A,2,Laptop,N,N,
08-04-2018,Evening,Alt-J,This Is All Yours,Intro,Alt-J,This Is All Yours,Hunger Of the Pine,N,S,20,Laptop,N,N,
09-04-2018,Morning,Alt-J,This Is All Yours,Hunger Of the Pine,Jamie XX,In Colour,Gosh,N,A,3,Laptop,N,N,
09-04-2018,Morning,Jamie XX,In Colour,Gosh,The XX,I See You,Dangerous,N,A,1,Laptop,N,N,
09-04-2018,Morning,The XX,I See You,Dangerous,Digitalism,Mirage,Arena,N,A,2,Laptop,N,N,
11-04-2018,Evening,Daft Punk,Discovery,Too Long,Daft Punk,Discovery,Too Long,N,S,2,Smartphone,N,N,
11-04-2018,Evening,Daft Punk,Discovery,Too Long,Daft Punk,Discovery,Face to Face,N,S,3,Smartphone,N,N,
13-04-2018,Morning,Daft Punk,Discovery,Face to Face,Daft Punk,Discovery,One More Time,N,A,1,Smartphone,N,N,
13-04-2018,Morning,Daft Punk,Discovery,One More Time,Daft Punk,Alive 2007,Robot Rock / Oh Yeah,N,A,1,Smartphone,N,N,
13-04-2018,Morning,Daft Punk,Alive 2007,Robot Rock / Oh Yeah,Daft Punk,Human After All,Human After All,N,A,1,Smartphone,N,N,
13-04-2018,Evening,Daft Punk,Human After All,Human After All,Daft Punk,Alive 2007,Robot Rock / Oh Yeah,N,A,1,Smartphone,N,N,
13-04-2018,Evening,Daft Punk,Alive 2007,Robot Rock / Oh Yeah,Boys Noize,Out Of The Black,What You Want,N,A,1,Smartphone,N,N,
13-04-2018,Evening,Boys Noize,Out Of The Black,What You Want,Boys Noize,Oi Oi Oi,& Down,N,A,1,Smartphone,N,Y,
13-04-2018,Evening,Boys Noize,Oi Oi Oi,& Down,Boys Noize,Oi Oi Oi,Oh!,N,S,7,Smartphone,N,N,
15-04-2018,Morning,Boys Noize,Oi Oi Oi,Oh!,Boys Noize,Oi Oi Oi,Oh!,N,S,5,Smartphone,N,N,
15-04-2018,Morning,Boys Noize,Oi Oi Oi,Oh!,Boys Noize,Mayday,Overthrow,N,A,2,Laptop,N,N,
15-04-2018,Morning,Boys Noize,Mayday,Overthrow,SBTRKT,Wonder Where We Land,Wonder Where We Land,N,A,1,Laptop,N,Y,
15-04-2018,Morning,SBTRKT,Wonder Where We Land,Wonder Where We Land,Digitalism,Idealism,Magnets,N,A,1,Laptop,N,N,
15-04-2018,Evening,Digitalism,Idealism,Magnets,Digitalism,"I Love You, Dude",Stratosphere,N,A,1,Laptop,N,N,
15-04-2018,Evening,Digitalism,"I Love You, Dude",Stratosphere,Digitalism,Mirage,Arena,N,A,3,Laptop,N,N,
18-04-2018,Morning,Digitalism,Mirage,Arena,The BloodyBeetroots,Romborama,Romborama,N,A,1,Laptop,N,N,
18-04-2018,Morning,The BloodyBeetroots,Romborama,Romborama,The BloodyBeetroots,HIDE,Spank,N,A,1,Laptop,N,N,
18-04-2018,Morning,The BloodyBeetroots,HIDE,Spank,The BloodyBeetroots,The Great Electronic Swindle,My Name Is Thunder,N,A,3,Laptop,N,N,
23-04-2018,Morning,Todd Terje,It’s Album Time,Intro (It’s Album Time),Todd Terje,It’s Album Time,Intro (It’s Album Time),Y,A,2,Laptop,N,N,
23-04-2018,Evening,Todd Terje,It’s Album Time,Intro (It’s Album Time),Com Truise,Galactic Melt,Terminal,N,A,1,Laptop,N,Y,
23-04-2018,Evening,Com Truise,Galactic Melt,Terminal,Mr. Oizo,Analog Worms Attack,Bad Start,N,A,1,Laptop,N,Y,
24-04-2018,Evening,Mr. Oizo,Analog Worms Attack,Bad Start,Lindstrøm,It’s Alright Between Us As It Is,It’s Alright Between Us As It Is,N,A,1,Laptop,N,Y,
24-04-2018,Evening,Lindstrøm,It’s Alright Between Us As It Is,It’s Alright Between Us As It Is,Lindstrøm,It’s Alright Between Us As It Is,It’s Alright Between Us As It Is,N,S,1,Laptop,N,N,
24-04-2018,Evening,Lindstrøm,It’s Alright Between Us As It Is,It’s Alright Between Us As It Is,Lindstrøm,It’s Alright Between Us As It Is,Spire,N,S,1,Laptop,N,N,
25-04-2018,Evening,Lindstrøm,It’s Alright Between Us As It Is,Spire,Dimitri From Paris,My Salsoul,Seconds,N,A,1,Smartphone,N,Y,
25-04-2018,Evening,Dimitri From Paris,My Salsoul,Seconds,Butch,Dope,Dope,N,S,2,Smartphone,N,N,
25-04-2018,Evening,Butch,Dope,Dope,HOME,Odyssey,Intro,N,A,2,Smartphone,N,N,
26-04-2018,Morning,HOME,Odyssey,Intro,Dimitri From Paris,Sacrebleu,Prologue,N,A,1,Smartphone,N,Y,
26-04-2018,Morning,Dimitri From Paris,Sacrebleu,Prologue,Primal Scream,Primal Scream,Ivy Ivy Ivy,N,A,2,Smartphone,N,N,
26-04-2018,Morning,Primal Scream,Primal Scream,Ivy Ivy Ivy,Primal Scream,Screamadelica,Movin On Up,N,A,1,Smartphone,N,N,
27-04-2018,Morning,Primal Scream,Screamadelica,Movin On Up,Oasis,Standing On The Shoulder Of Giants,Fuckin In The Bushes,N,A,1,Laptop,N,N,
27-04-2018,Morning,Todd Terje,It’s Album Time,Alfonso Muskedunder,Todd Terje,It’s Album Time,Alfonso Muskedunder,Y,S,1,Laptop,N,N,
29-04-2018,Morning,Todd Terje,It’s Album Time,Alfonso Muskedunder,Todd Terje,It’s Album Time,Delorean Dynamite,N,S,2,Laptop,N,N,
29-04-2018,Morning,Todd Terje,It’s Album Time,Delorean Dynamite,Todd Terje,It’s Album Time,Swing Star (Part 1),N,S,2,Laptop,N,N,
29-04-2018,Evening,Todd Terje,It’s Album Time,Swing Star (Part 1),Kavinsky,Outrun,Prelude,N,A,2,Laptop,N,N,
30-04-2018,Evening,deadmau5,//,71c,deadmau5,//,71c,Y,S,3,Laptop,N,N,
01-05-2018,Evening,Jack White,Boarding House Reach,Connected By Love,Jack White,Boarding House Reach,Connected By Love,Y,A,4,Smartphone,N,N,
02-05-2018,Evening,Jack White,Boarding House Reach,Hypermisophoniac,Jack White,Boarding House Reach,Hypermisophoniac,N,S,6,Smartphone,N,N,
02-05-2018,Evening,Jack White,Boarding House Reach,Hypermisophoniac,Jack White,Boarding House Reach,Corporation,N,S,2,Smartphone,N,N,
02-05-2018,Evening,Jack White,Boarding House Reach,Corporation,Jack White,Boarding House Reach,Over and Over and Over,N,S,2,Smartphone,N,N,
02-05-2018,Evening,Jack White,Boarding House Reach,Over and Over and Over,Jack White,Boarding House Reach,Ice Station Zebra,N,S,2,Smartphone,N,N,
03-05-2018,Morning,Jack White,Boarding House Reach,Connected By Love,Jack White,Boarding House Reach,Connected By Love,N,A,2,Smartphone,N,N,
03-05-2018,Morning,Jack White,Boarding House Reach,Get in The Mind Shaft,Jack White,Boarding House Reach,Get in The Mind Shaft,N,S,4,Smartphone,N,N,
04-05-2018,Evening,Jack White,Boarding House Reach,Get in The Mind Shaft,Jack White,Boarding House Reach,Connected By Love,N,A,1,Smartphone,N,N,
06-05-2018,Evening,Jack White,Boarding House Reach,Connected By Love,Queens Of The Stone Age,...Like Clockwork,Keep Your Eyes Peeled,N,A,1,Laptop,N,N,
06-05-2018,Evening,Queens Of The Stone Age,...Like Clockwork,Keep Your Eyes Peeled,Queens Of The Stone Age,Villains,Feet Don’t Fail Me,N,A,1,Laptop,N,N,
07-05-2018,Morning,Queens Of The Stone Age,Villains,Feet Don’t Fail Me,Queens Of The Stone Age,Villains,Feet Don’t Fail Me,N,A,1,Laptop,N,N,
07-05-2018,Morning,Queens Of The Stone Age,Villains,Feet Don’t Fail Me,Queens Of The Stone Age,...Like Clockwork,Keep Your Eyes Peeled,N,A,1,Laptop,N,N,
07-05-2018,Morning,Queens Of The Stone Age,...Like Clockwork,Keep Your Eyes Peeled,Queens Of The Stone Age,...Like Clockwork,…Like Clockwork,N,S,3,Laptop,N,N,
07-05-2018,Evening,Queens Of The Stone Age,...Like Clockwork,…Like Clockwork,Queens Of The Stone Age,Songs For The Deaf,"You Think I Ain't Worth A Dollar, But I Feel Like A Millionaire",N,A,3,Laptop,N,N,
08-05-2018,Evening,Queens Of The Stone Age,Songs For The Deaf,"You Think I Ain't Worth A Dollar, But I Feel Like A Millionaire",The Kills,Ash & Ice,Doing It to Death,N,A,1,Laptop,N,N,
09-05-2018,Evening,The Kills,Ash & Ice,Doing It to Death,The Kills,Ash & Ice,Doing It to Death,N,S,1,Laptop,N,N,
09-05-2018,Evening,The Kills,Ash & Ice,Doing It to Death,The Kills,Ash & Ice,Doing It to Death,N,A,2,Laptop,N,N,
10-05-2018,Morning,The Kills,Ash & Ice,Doing It to Death,The Kills,Ash & Ice,Doing It to Death,N,A,1,Laptop,N,N,
10-05-2018,Morning,The Kills,Ash & Ice,Doing It to Death,The XX,XX,Intro,N,A,1,Laptop,N,N,
10-05-2018,Evening,The XX,XX,Intro,The Kills,Ash & Ice,Siberian Nights,N,S,5,Smartphone,N,N,
10-05-2018,Evening,The Kills,Ash & Ice,Siberian Nights,The Kills,Future Starts Slow,Future Starts Slow,N,S,4,Smartphone,N,N,
11-05-2018,Morning,Arctic Monkeys,Tranquility Base & Casino,Star Treatment,Arctic Monkeys,Tranquility Base & Casino,Star Treatment,Y,A,2,Laptop,N,Y,
11-05-2018,Evening,Arctic Monkeys,Tranquility Base & Casino,Star Treatment,Jack White,Boarding House Reach,Connected By Love,N,A,3,Laptop,N,N,
11-05-2018,Evening,Jack White,Boarding House Reach,Connected By Love,Jack White,Boarding House Reach,Connected By Love,N,A,1,Smartphone,N,N,
12-05-2018,Evening,Jack White,Boarding House Reach,Connected By Love,Arctic Monkeys,Tranquility Base & Casino,Tranquility Base & Casino,N,S,4,Laptop,N,N,
13-05-2018,Evening,Arctic Monkeys,Tranquility Base & Casino,Star Treatment,Arctic Monkeys,Tranquility Base & Casino,Star Treatment,N,A,5,Laptop,N,N,
13-05-2018,Evening,Arctic Monkeys,Tranquility Base & Casino,Star Treatment,Arctic Monkeys,AM,Do I Wanna Know?,N,A,2,Laptop,N,N,
14-05-2018,Morning,Jack White,Boarding House Reach,Connected By Love,Jack White,Boarding House Reach,Connected By Love,Y,A,2,Smartphone,N,N,
14-05-2018,Evening,Jack White,Boarding House Reach,Connected By Love,Queens Of The Stone Age,Villains,Feet Don’t Fail Me,N,A,1,Smartphone,N,N,
14-05-2018,Evening,Queens Of The Stone Age,Villains,Feet Don’t Fail Me,Queens Of The Stone Age,...Like Clockwork,Keep Your Eyes Peeled,N,A,1,Laptop,N,N,
14-05-2018,Evening,Queens Of The Stone Age,...Like Clockwork,...Like Clockwork,Queens Of The Stone Age,...Like Clockwork,...Like Clockwork,N,S,1,Laptop,N,N,
15-05-2018,Morning,SBTRKT,Wonder Where We Land,NEW DORP. NEW YORK,SBTRKT,Wonder Where We Land,NEW DORP. NEW YORK,Y,S,6,Laptop,N,N,
15-05-2018,Morning,SBTRKT,Wonder Where We Land,NEW DORP. NEW YORK,SBTRKT,Wonder Where We Land,Everybody Knows,N,S,5,Laptop,N,N,
15-05-2018,Evening,The XX,I See You,Dangerous,The XX,I See You,Dangerous,Y,A,2,Laptop,N,N,
16-05-2018,Morning,The XX,I See You,Dangerous,The XX,I See You,Dangerous,N,A,1,Laptop,N,N,
16-05-2018,Evening,Arctic Monkeys,I Bet You Look Good On The Dancefloor,"Whatever People Say I Am, That's What I'm Not",Arctic Monkeys,"Whatever People Say I Am, That's What I'm Not",I Bet You Look Good On The Dancefloor,Y,S,5,Smartphone,N,N,
17-05-2018,Morning,Superorganism,Superorganism,Something For Your M.I.N.D.,Superorganism,Superorganism,Something For Your M.I.N.D.,Y,S,1,Laptop,Y,Y,
17-05-2018,Morning,Superorganism,Superorganism,Something For Your M.I.N.D.,Superorganism,Superorganism,Everybody Wants To Be Famous,N,S,1,Laptop,Y,N,
17-05-2018,Morning,Calcutta,//,Paracetamolo,Calcutta,//,Paracetamolo,Y,S,1,Laptop,Y,N,
17-05-2018,Evening,Arctic Monkeys,Early B-Sides,Settle For A Draw,Arctic Monkeys,Early B-Sides,Settle For A Draw,Y,S,5,Smartphone,N,N,
17-05-2018,Evening,Arctic Monkeys,Early B-Sides,Settle For A Draw,Arctic Monkeys,Early B-Sides,Knock A Door Run,N,S,3,Smartphone,N,N,
17-05-2018,Evening,Arctic Monkeys,Early B-Sides,Knock A Door Run,Arctic Monkeys,"Whatever People Say I Am, That's What I'm Not",When The Sun Goes Down,N,S,4,Smartphone,N,N,
18-05-2018,Evening,Superorganism,Superorganism,It’s All Good,Superorganism,Superorganism,It’s All Good,Y,A,7,Smartphone,N,N,
19-05-2018,Evening,Superorganism,Superorganism,It’s All Good,Superorganism,Superorganism,It’s All Good,N,A,1,Smartphone,N,N,
19-05-2018,Evening,Superorganism,Superorganism,It’s All Good,Todd Terje,It’s Album Time,Intro (It’s Album Time),N,A,2,Smartphone,N,N,
19-05-2018,Evening,Todd Terje,It’s Album Time,Intro (It’s Album Time),Todd Terje,It’s Album Time,Delorean Dynamite,N,S,8,Smartphone,N,N,
19-05-2018,Evening,Todd Terje,It’s Album Time,Delorean Dynamite,Todd Terje,It’s Album Time,Delorean Dynamite,N,S,3,Laptop,N,N,
19-05-2018,Evening,Disclosure,//,Ultimatum,Disclosure,//,Ultimatum,N,S,6,Laptop,Y,Y,
20-05-2018,Morning,Queens Of The Stone Age,Songs For The Deaf,"You Think I Ain't Worth A Dollar, But I Feel Like A Millionaire",Queens Of The Stone Age,Songs For The Deaf,"You Think I Ain't Worth A Dollar, But I Feel Like A Millionaire",Y,A,3,Smartphone,N,N,
20-05-2018,Evening,Queens Of The Stone Age,Songs For The Deaf,"You Think I Ain't Worth A Dollar, But I Feel Like A Millionaire",Queens Of The Stone Age,Songs For The Deaf,"You Think I Ain't Worth A Dollar, But I Feel Like A Millionaire",N,A,2,Smartphone,N,N,
20-05-2018,Evening,Queens Of The Stone Age,Songs For The Deaf,"You Think I Ain't Worth A Dollar, But I Feel Like A Millionaire",Queens Of The Stone Age,Songs For The Deaf,Another Love Song,N,S,2,Laptop,N,N,
20-05-2018,Evening,Queens Of The Stone Age,Songs For The Deaf,Another Love Song,Queens Of The Stone Age,Songs For The Deaf,Go With The Flow,N,S,1,Laptop,Y,N,
20-05-2018,Evening,Queens Of The Stone Age,Songs For The Deaf,Go With The Flow,Queens Of The Stone Age,Songs For The Deaf,No One knows,N,S,1,Laptop,Y,N,
20-05-2018,Evening,Queens Of The Stone Age,Songs For The Deaf,No One knows,Queens Of The Stone Age,Songs For The Deaf,No One knows,N,S,3,Smartphone,N,N,
20-05-2018,Evening,Queens Of The Stone Age,Songs For The Deaf,No One knows,Queens Of The Stone Age,Songs For The Deaf,Go With The Flow,N,S,2,Smartphone,N,N,
20-05-2018,Evening,Queens Of The Stone Age,Songs For The Deaf,Go With The Flow,Queens Of The Stone Age,...Like Clockwork,I Appear Missing,N,S,1,Smartphone,N,N,
20-05-2018,Evening,Fatboy Slim,"You've Come a Long Way, Baby","Right Here, Right Now",Fatboy Slim,"You've Come a Long Way, Baby","Right Here, Right Now",Y,S,1,Laptop,Y,Y,
20-05-2018,Evening,Fatboy Slim,"You've Come a Long Way, Baby","Right Here, Right Now",Fatboy Slim,"You've Come a Long Way, Baby",The Rockafeller Skank,N,S,1,Laptop,Y,N,
20-05-2018,Evening,Fatboy Slim,"You've Come a Long Way, Baby",The Rockafeller Skank,Fatboy Slim,"You've Come a Long Way, Baby",Praise You,N,S,1,Laptop,Y,N,
21-05-2018,Evening,Fatboy Slim,"You've Come a Long Way, Baby",Praise You,Fatboy Slim,"You've Come a Long Way, Baby","Right Here, Right Now",N,A,2,Laptop,N,N,
22-05-2018,Morning,Fatboy Slim,"You've Come a Long Way, Baby","Right Here, Right Now",Fatboy Slim,"You've Come a Long Way, Baby","Right Here, Right Now",N,A,1,Laptop,N,N,
22-05-2018,Evening,Fatboy Slim,"You've Come a Long Way, Baby","Right Here, Right Now",Fatboy Slim,"You've Come a Long Way, Baby","Right Here, Right Now",N,A,1,Laptop,N,N,
23-05-2018,Morning,Fatboy Slim,"You've Come a Long Way, Baby","Right Here, Right Now",Fatboy Slim,"You've Come a Long Way, Baby","Right Here, Right Now",N,A,2,Laptop,N,N,
24-05-2018,Evening,Todd Terje,It’s Album Time,Intro (It’s Album Time),Todd Terje,It’s Album Time,Intro (It’s Album Time),Y,A,2,Smartphone,N,N,
26-05-2018,Evening,Calcutta,Evergreen,Briciole,Calcutta,Evergreen,Briciole,Y,A,1,Laptop,Y,N,
26-05-2018,Evening,Calcutta,Evergreen,Briciole,Calcutta,Evergreen,Briciole,N,A,1,Laptop,N,N,
27-05-2018,Morning,Fatboy Slim,"You've Come a Long Way, Baby","Right Here, Right Now",Fatboy Slim,"You've Come a Long Way, Baby","Right Here, Right Now",Y,A,2,Laptop,N,N,
28-05-2018,Morning,The Flaming Lips,Yoshimi Battles The Pink Robot,Fight Test,The Flaming Lips,Yoshimi Battles The Pink Robot,Fight Test,Y,A,1,Smartphone,N,Y,
28-05-2018,Morning,The Flaming Lips,Yoshimi Battles The Pink Robot,Fight Test,Tame Impala,Innerspeaker,It’s Not Meant To Be,N,A,1,Smartphone,N,N,
31-05-2018,Morning,Queens Of The Stone Age,...Like Clockwork,Keep Your Eyes Peeled,Queens Of The Stone Age,...Like Clockwork,Keep Your Eyes Peeled,Y,A,1,Smartphone,N,N,
31-05-2018,Morning,Queens Of The Stone Age,...Like Clockwork,Keep Your Eyes Peeled,Queens Of The Stone Age,Villains,Feet Don’t Fail Me,N,A,2,Smartphone,N,N,
31-05-2018,Evening,Queens Of The Stone Age,Villains,Feet Don’t Fail Me,Queens Of The Stone Age,Songs For The Deaf,"You Think I Ain't Worth A Dollar, But I Feel Like A Millionaire",N,A,2,Smartphone,N,N,
31-05-2018,Evening,Queens Of The Stone Age,Songs For The Deaf,"You Think I Ain't Worth A Dollar, But I Feel Like A Millionaire",Queens Of The Stone Age,Songs For The Deaf,"You Think I Ain't Worth A Dollar, But I Feel Like A Millionaire",N,A,2,Laptop,N,N,
31-05-2018,Evening,Queens Of The Stone Age,Songs For The Deaf,"You Think I Ain't Worth A Dollar, But I Feel Like A Millionaire",Queens Of The Stone Age,Songs For The Deaf,Go With The Flow,N,S,7,Smartphone,N,N,
01-06-2018,Morning,Gorillaz,Humanz,Ascension,Gorillaz,Humanz,Ascension,Y,S,1,Laptop,N,Y,
01-06-2018,Morning,Gorillaz,Humanz,Ascension,Gorillaz,Humanz,Intro: I Switched My Robot Off,N,A,5,Laptop,N,N,
01-06-2018,Evening,Gorillaz,Humanz,Intro: I Switched My Robot Off,Gorillaz,Humanz,Intro: I Switched My Robot Off,N,A,1,Smartphone,N,N,
02-06-2018,Morning,Gorillaz,Humanz,Intro: I Switched My Robot Off,Blur,The Magic Whip,Lonesome Street,N,A,2,Laptop,N,N,
02-06-2018,Evening,Blur,The Magic Whip,Lonesome Street,Blur,The Magic Whip,Lonesome Street,N,A,5,Laptop,N,N,
03-06-2018,Morning,Blur,The Magic Whip,Lonesome Street,Blur,The Magic Whip,Lonesome Street,N,A,1,Laptop,N,N,
03-06-2018,Morning,Blur,The Magic Whip,Lonesome Street,Fatboy Slim,"You've Come a Long Way, Baby","Right Here, Right Now",N,A,2,Laptop,N,N,
05-06-2018,Evening,The Prodigy,Invaders Must Die,Invaders Must Die,The Prodigy,Invaders Must Die,Invaders Must Die,N,A,1,Smartphone,N,N,
06-06-2018,Evening,The Prodigy,Invaders Must Die,Invaders Must Die,The Prodigy,Invaders Must Die,Invaders Must Die,N,A,3,Laptop,N,N,
06-06-2018,Evening,The Prodigy,Invaders Must Die,Invaders Must Die,SBCR,SBCR & Adversaries Vol.2,SPIDER,N,A,2,Laptop,Y,N,
06-06-2018,Evening,SBCR,SBCR & Adversaries Vol.2,SPIDER,SBCR,SBCR & Punks Vol.3,Back to the Top,N,A,1,Laptop,Y,N,
06-06-2018,Evening,SBCR,SBCR & Punks Vol.3,Back to the Top,SBCR,Shelter,Shelter,N,S,1,Laptop,Y,N,
06-06-2018,Evening,SBCR,Shelter,Shelter,Owl Vision,FOZZOR,FOZZOR,N,A,1,Laptop,Y,Y,
06-06-2018,Evening,Owl Vision,FOZZOR,FOZZOR,Owl Vision,Downlord,Downlord,N,A,1,Laptop,Y,Y,
07-06-2018,Morning,Owl Vision,Downlord,Downlord,Owl Vision,FOZZOR,FOZZOR,N,A,2,Laptop,N,N,
07-06-2018,Morning,Owl Vision,FOZZOR,FOZZOR,SBCR,SBCR & Adversaries Vol.2,SPIDER,N,A,3,Laptop,N,N,
07-06-2018,Evening,Queens Of The Stone Age,Songs For The Deaf,Go With The Flow,Queens Of The Stone Age,Songs For The Deaf,Go With The Flow,Y,S,6,Laptop,N,N,
07-06-2018,Evening,Queens Of The Stone Age,Songs For The Deaf,Go With The Flow,Queens Of The Stone Age,Songs For The Deaf,"You Think I Ain't Worth A Dollar, But I Feel Like A Millionaire",N,A,1,Laptop,N,N,
07-06-2018,Evening,Queens Of The Stone Age,Songs For The Deaf,"You Think I Ain't Worth A Dollar, But I Feel Like A Millionaire",Queens Of The Stone Age,Songs For The Deaf,Go With The Flow,N,S,6,Smartphone,N,N,
09-06-2018,Morning,Radiohead,Amnesiac,Packt Like Sardines in a Crushd Tin Box,Radiohead,Amnesiac,Packt Like Sardines in a Crushd Tin Box,Y,A,3,Smartphone,N,N,
14-06-2018,Evening,David Moleon,//,San Salvador,David Moleon,//,San Salvador,Y,s,3,Laptop,Y,N,
15-06-2018,Morning,David Moleon,//,San Salvador,David Moleon,//,San Salvador,N,S,1,Laptop,N,N,
15-06-2018,Morning,David Moleon,//,San Salvador,Kavinsky,Outrun,Prelude,N,A,4,Laptop,N,N,
15-06-2018,Evening,Kavinsky,Outrun,Prelude,Daft Punk,Alive 2007,Robot Rock / Oh Yeah,N,A,1,Laptop,N,N,
15-06-2018,Evening,Daft Punk,Alive 2007,Robot Rock / Oh Yeah,Todd Terje,It’s Album Time,Intro (It’s Album Time),N,A,2,Laptop,N,N,
15-06-2018,Evening,Todd Terje,It’s Album Time,Intro (It’s Album Time),Todd Terje,It’s Album Time,Delorean Dynamite,N,S,4,Laptop,N,N,
15-06-2018,Evening,Todd Terje,It’s Album Time,Delorean Dynamite,Todd Terje,It’s Album Time,Swing Star (Part 1),N,S,1,Smartphone,N,N,
15-06-2018,Evening,Todd Terje,It’s Album Time,Swing Star (Part 1),Tangerine Dream,Dream Sequence,Love on a Real Train,N,S,2,Smartphone,Y,N,
16-06-2018,Morning,Tangerine Dream,Dream Sequence,Love on a Real Train,Jean Michel Jarre,Oxygene Trilogy,"Oxygene, Pt. 1",N,A,2,Laptop,N,N,
16-06-2018,Evening,Jean Michel Jarre,Oxygene Trilogy,"Oxygene, Pt. 1",Jean Michel Jarre,Oxygene Trilogy,"Oxygene, Pt. 1",N,S,2,Laptop,N,N,
16-06-2018,Evening,Jean Michel Jarre,Oxygene Trilogy,"Oxygene, Pt. 1",deadmau5,//,I’m not Alone (deadmau5 Remix),N,S,4,Laptop,Y,N,
16-06-2018,Evening,deadmau5,//,I’m not Alone (deadmau5 Remix),deadmau5,While(1<2),Avaritia,N,A,2,Laptop,N,N,
17-06-2018,Morning,deadmau5,While(1<2),Avaritia,deadmau5,While(1<2),Avaritia,N,A,1,Laptop,N,N,
17-06-2018,Evening,deadmau5,While(1<2),Avaritia,deadmau5,Album Title Geas Here,Superliminal,N,A,1,Laptop,N,N,
18-06-2018,Morning,deadmau5,Album Title Geas Here,Superliminal,deadmau5,Album Title Geas Here,Superliminal,N,A,2,Laptop,N,N,
18-06-2018,Evening,deadmau5,Album Title Geas Here,Superliminal,deadmau5,Album Title Geas Here,Superliminal,N,A,2,Laptop,N,N,
19-06-2018,Evening,deadmau5,Album Title Geas Here,Superliminal,deadmau5,Random Album Title,"Sometimes Things Get, Whatever",N,A,2,Laptop,N,N,
19-06-2018,Evening,deadmau5,Random Album Title,"Sometimes Things Get, Whatever",Daft Punk,Alive 2007,Robot Rock / Oh Yeah,N,A,2,Smartphone,N,N,
19-06-2018,Evening,Daft Punk,Alive 2007,Robot Rock / Oh Yeah,Daft Punk,Alive 2007,Superheroes / Human After All / Rock'n Roll,N,S,2,Smartphone,N,N,
20-06-2018,Morning,Daft Punk,Alive 2007,Superheroes / Human After All / Rock'n Roll,Daft Punk,Alive 2007,Encore - Human After All / Together - Together / One More Time (reprise) / Stardust - Music Sounds Better with You,N,S,4,Laptop,N,N,
20-06-2018,Morning,Daft Punk,Alive 2007,Encore - Human After All / Together - Together / One More Time (reprise) / Stardust - Music Sounds Better with You,Todd Terje,It’s Album Time,Delorean Dynamite,N,S,3,Smartphone,N,N,Exam
20-06-2018,Evening,Todd Terje,It’s Album Time,Delorean Dynamite,Queens Of The Stone Age,Songs For The Deaf,Go With The Flow,N,S,4,Smartphone,N,N,Exam
22-06-2018,Evening,Queens Of The Stone Age,Songs For The Deaf,Go With The Flow,Daft Punk,Alive 2007,Robot Rock / Oh Yeah,N,A,2,Laptop,N,N,
25-06-2018,Evening,Daft Punk,Alive 2007,Robot Rock / Oh Yeah,Daft Punk,Alive 2007,Robot Rock / Oh Yeah,N,A,1,Laptop,N,N,
26-06-2018,Evening,Queens Of The Stone Age,Songs For The Deaf,"You Think I Ain't Worth A Dollar, But I Feel Like A Millionaire",Queens Of The Stone Age,Songs For The Deaf,"You Think I Ain't Worth A Dollar, But I Feel Like A Millionaire",Y,A,1,Smartphone,N,N,
28-06-2018,Evening,Daft Punk,Alive 2007,Da Funk / Daftendirekt,Daft Punk,Alive 2007,Da Funk / Daftendirekt,Y,S,1,Smartphone,N,N,
28-06-2018,Evening,Daft Punk,Alive 2007,Da Funk / Daftendirekt,Daft Punk,Alive 2007,Superheroes / Human After All / Rock'n Roll,N,S,1,Smartphone,N,N,
28-06-2018,Evening,Daft Punk,Alive 2007,Superheroes / Human After All / Rock'n Roll,Daft Punk,Alive 2007,Encore - Human After All / Together - Together / One More Time (reprise) / Stardust - Music Sounds Better with You,N,S,1,Smartphone,N,N,
01-07-2018,Evening,Daft Punk,Alive 2007,Encore - Human After All / Together - Together / One More Time (reprise) / Stardust - Music Sounds Better with You,Digitalism,Idealism,Echoes,N,S,2,Smartphone,N,N,
01-07-2018,Evening,Digitalism,Idealism,Echoes,Todd Terje,It’s Album Time,Intro (It’s Album Time),N,A,1,Smartphone,N,N,
