Date,Moment,ArtistFrom,AlbumFrom,SongFrom,ArtistTo,AlbumTo,SongTo,RootNode,AlbumSong,Repetitions,Device,isStreaming,isFirstListeningAlbum,Notes
12-12-2017,Evening,Led Zeppelin,Led Zeppelin IV (Deluxe Edition),When The Levee Breaks,Led Zeppelin,Led Zeppelin IV (Deluxe Edition),When The Levee Breaks,Y,S,3,Smartphone,N,N,
12-12-2017,Evening,deadmau5,Random Album Title,I Remember,deadmau5,Random Album Title,I Remember,Y,S,8,Smartphone,N,N,
12-12-2017,Evening,deadmau5,Random Album Title,I Remember,Muse,The 2nd Law,Animals,N,S,10,Smartphone,N,N,
12-12-2017,Evening,Muse,The 2nd Law,Animals,Mogwai,"Hardcore Will Never Die, But You Will",White Noise,N,A,1,Laptop,N,N,
12-12-2017,Evening,Mogwai,"Hardcore Will Never Die, But You Will",Too Raging To Cheers,Mogwai,Rave Tapes,Heard About You Last Night,N,S,3,Laptop,N,N,
13-12-2017,Evening,Mogwai,Rave Tapes,Heard About You Last Night,Radiohead,Amnesiac,Pyramid Song,N,S,7,Smartphone,N,N,
14-12-2017,Morning,The Bloody Beetroots,Romborama,House No. 84,The Bloody Beetroots,Romborama,House No. 84,Y,S,10,Smartphone,N,N,
15-12-2017,Morning,Calcutta ,Evergreen,Orgasmo,Calcutta ,Evergreen,Orgasmo,Y,S,3,Laptop,Y,Y,
15-12-2017,Morning,Warhaus,We Fucked a Flame into Being,Beaches,Warhaus,We Fucked a Flame into Being,Beaches,Y,S,2,Laptop,N,N,
15-12-2017,Morning,Warhaus,We Fucked a Flame into Being,I'm Not Him,Warhaus,We Fucked a Flame into Being,I'm Not Him,N,A,2,Laptop,N,N,
17-12-2017,Evening,Warhaus,We Fucked a Flame into Being,I'm Not Him,Arctic Monkeys,Suck It and See,Brick By Brick,N,A,4,Laptop,N,N,
18-12-2017,Morning,Arctic Monkeys,Suck It and See,Brick By Brick,Arctic Monkeys,Humbug,My Propeller,N,A,2,Laptop,N,N,
18-12-2017,Morning,Arctic Monkeys,Humbug,My Propeller,Arctic Monkeys,AM,Do I Wanna Know?,N,A,2,Laptop,N,N,
18-12-2017,Evening,Arctic Monkeys,AM,Do I Wanna Know?,Childish Gambino,"""Awaken, My Love!""",Me and Your Mama,N,A,3,Laptop,N,N,
18-12-2017,Evening,Childish Gambino,"""Awaken, My Love!""",Me and Your Mama,Childish Gambino,"""Awaken, My Love!""",Me and Your Mama,N,S,5,Laptop,N,N,
18-12-2017,Evening,Childish Gambino,"""Awaken, My Love!""",Me and Your Mama,Childish Gambino,"""Awaken, My Love!""",Redbone,N,S,2,Smartphone,N,N,
19-12-2017,Evening,Childish Gambino,"""Awaken, My Love!""",Redbone,Childish Gambino,"""Awaken, My Love!""",Redbone,N,S,10,Smartphone,N,N,
20-12-2017,Morning,Childish Gambino,"""Awaken, My Love!""",Redbone,Childish Gambino,"""Awaken, My Love!""",Me and Your Mama,N,S,3,Smartphone,N,N,
20-12-2017,Morning,Childish Gambino,"""Awaken, My Love!""",Me and Your Mama,Childish Gambino,"""Awaken, My Love!""",Redbone,N,S,3,Smartphone,N,N,
20-12-2017,Morning,Childish Gambino,"""Awaken, My Love!""",Redbone,Childish Gambino,"""Awaken, My Love!""",Riot,N,S,4,Smartphone,N,N,
20-12-2017,Evening,Childish Gambino,"""Awaken, My Love!""",Riot,Childish Gambino,"""Awaken, My Love!""",Riot,N,S,15,Smartphone,N,N,
20-12-2017,Evening,Childish Gambino,"""Awaken, My Love!""",Riot,Jamie xx,In Colour,Gosh,N,A,2,Smartphone,N,N,
23-12-2017,Evening,Jamie xx,In Colour,Gosh,Rage Against The Machine,Rage Against The Machine - XX (20th Anniversary Special Edition),Killing in the Name,N,S,5,Laptop,N,N,
23-12-2017,Evening,Rage Against The Machine,Rage Against The Machine - XX (20th Anniversary Special Edition),Killing in the Name,Rage Against The Machine,Rage Against The Machine - XX (20th Anniversary Special Edition),Bombtrack - Remastered,Y,A,4,Laptop,N,Y,
24-12-2017,Evening,Rage Against The Machine,Rage Against The Machine - XX (20th Anniversary Special Edition),Bombtrack - Remastered,Rage Against The Machine,Rage Against The Machine - XX (20th Anniversary Special Edition),Bombtrack - Remastered,N,A,3,Laptop,N,N,
24-12-2017,Evening,Rage Against The Machine,Rage Against The Machine - XX (20th Anniversary Special Edition),Bombtrack - Remastered,Cypress Hill,Rise Up,It Ain't Nothin' - feat. Young De,N,A,2,Laptop,N,N,
24-12-2017,Evening,Cypress Hill,Rise Up,It Ain't Nothin' - feat. Young De,Run The Jewels,Run the Jewels 2,Jeopardy,N,A,1,Laptop,N,N,
24-12-2017,Evening,Run The Jewels,Run the Jewels 2,Angel Duster,Run The Jewels,Run the Jewels 2,Angel Duster,Y,S,6,Laptop,N,N,
29-12-2017,Evening,Franz Ferdinand,Always Ascending (Remixes),Always Ascending - Cassius Remix,Franz Ferdinand,Always Ascending (Remixes),Always Ascending - Cassius Remix,Y,S,6,Laptop,Y,Y,
29-12-2017,Evening,Franz Ferdinand,Always Ascending (Remixes),Always Ascending - Cassius Remix,Tame Impala,Currents,Let It Happen,N,A,1,Laptop,N,N,
30-12-2017,Evening,Major Lazer,Peace Is The Mission,Lean On,Major Lazer,Peace Is The Mission,Lean On,Y,S,4,Smartphone,Y,N,
31-12-2017,Morning,Primal Scream,Screamadelica,Movin' On Up,Primal Scream,Screamadelica,Movin' On Up,Y,A,2,Laptop,N,N,
31-12-2017,Evening,Primal Scream,Screamadelica,Movin' On Up,Primal Scream,Screamadelica,Ivy Ivy Ivy,N,A,3,Laptop,N,Y,
31-12-2017,Evening,Primal Scream,Screamadelica,Ivy Ivy Ivy,Oasis,Dig Out Your Soul,Bag It Up,N,A,1,Laptop,N,N,
01-01-2018,Evening,Oasis,Dig Out Your Soul,Bag It Up,Oasis,Dig Out Your Soul,The Turning,N,S,1,Laptop,N,N,
02-01-2018,Evening,Oasis,Dig Out Your Soul,The Turning,Oasis,Dig Out Your Soul,Bag It Up,N,A,4,Laptop,N,N,
02-01-2018,Evening,Oasis,Dig Out Your Soul,Bag It Up,Primal Scream,Screamadelica,Ivy Ivy Ivy,N,A,2,Laptop,N,N,
02-01-2018,Evening,Primal Scream,Screamadelica,Ivy Ivy Ivy,Primal Scream,Screamadelica,Movin' On Up,N,A,1,Laptop,N,N,
02-01-2018,Evening,Primal Scream,Screamadelica,Movin' On Up,Primal Scream,Screamadelica,Movin' On Up,N,S,4,Laptop,N,N,
03-01-2018,Evening,Primal Scream,Screamadelica,Movin' On Up,Oasis,Standing On The Shoulder Of Giants,Fuckin' In The Bushes,Y,A,3,Laptop,N,N,
04-01-2018,Evening,Kölsch,1977,Loreley,Kölsch,1977,Loreley,Y,S,5,Laptop,Y,Y,
04-01-2018,Evening,Kölsch,1977,Loreley,Kölsch,Speicher 93,Grey,N,S,3,Laptop,Y,Y,
05-01-2018,Evening,deadmau5,stuff i used to do,Unspecial effects,deadmau5,stuff i used to do,Unspecial effects,Y,S,10,Laptop,Y,N,
05-01-2018,Evening,deadmau5,stuff i used to do,Unspecial effects,deadmau5,stuff i used to do,Messages from nowhere,N,A,1,Laptop,N,N,
05-01-2018,Evening,deadmau5,stuff i used to do,Messages from nowhere,deadmau5,W:/2016ALBUM/,4ware,N,A,1,Laptop,N,N,
05-01-2018,Evening,deadmau5,W:/2016ALBUM/,4ware,deadmau5,//,71c,N,S,4,Laptop,N,N,
07-01-2018,Evening,Radiohead,Amnesiac,Life In a Glasshouse,Radiohead,Amnesiac,Life In a Glasshouse,Y,S,5,Smartphone,N,N,
08-01-2018,Morning,Radiohead,Amnesiac,Life In a Glasshouse,Rage Against The Machine,Rage Against The Machine - XX (20th Anniversary Special Edition),Bombtrack - Remastered,N,A,3,Smartphone,N,N,
08-01-2018,Evening,Rage Against The Machine,Rage Against The Machine - XX (20th Anniversary Special Edition),Bombtrack - Remastered,Rage Against The Machine,Rage Against The Machine - XX (20th Anniversary Special Edition),Bombtrack - Remastered,N,A,4,Laptop,N,N,
09-01-2018,Morning,Rage Against The Machine,Rage Against The Machine - XX (20th Anniversary Special Edition),Bombtrack - Remastered,Rage Against The Machine,Rage Against The Machine - XX (20th Anniversary Special Edition),Bombtrack - Remastered,N,A,4,Laptop,N,N,
09-01-2018,Evening,Rage Against The Machine,Rage Against The Machine - XX (20th Anniversary Special Edition),Bombtrack - Remastered,Rage Against The Machine,Rage Against The Machine - XX (20th Anniversary Special Edition),Bombtrack - Remastered,N,A,2,Laptop,N,N,
10-01-2018,Morning,Rage Against The Machine,Rage Against The Machine - XX (20th Anniversary Special Edition),Bombtrack - Remastered,Rage Against The Machine,Rage Against The Machine - XX (20th Anniversary Special Edition),Bombtrack - Remastered,N,A,2,Laptop,N,N,
10-01-2018,Evening,Rage Against The Machine,Rage Against The Machine - XX (20th Anniversary Special Edition),Bombtrack - Remastered,The Prodigy,Invaders Must Die,Invaders Must Die,N,S,6,Laptop,N,N,
10-01-2018,Evening,The Prodigy,Invaders Must Die,Invaders Must Die,The Prodigy,Invaders Must Die,Invaders Must Die,N,A,1,Laptop,N,N,
10-01-2018,Evening,The Prodigy,Invaders Must Die,Invaders Must Die,Klaxons,Myths Of The Near Future,Two Receivers,N,A,2,Laptop,N,N,
11-01-2018,Evening,Klaxons,Myths Of The Near Future,Two Receivers,The Prodigy,The Fat Of The Land (Expanded Edition),Smack My Bitch Up,N,A,1,Laptop,N,Y,
11-01-2018,Evening,The Prodigy,The Fat Of The Land (Expanded Edition),Smack My Bitch Up,Rage Against The Machine,Rage Against The Machine - XX (20th Anniversary Special Edition),Bombtrack - Remastered,N,A,1,Smartphone,N,N,
12-01-2018,Morning,Kölsch,1977,Goldfisch,Kölsch,1977,Goldfisch,Y,A,2,Laptop,N,Y,
13-01-2018,Morning,Kölsch,1977,Goldfisch,Kölsch,1977,Goldfisch,N,S,9,Laptop,N,N,
13-01-2018,Evening,Kölsch,1977,Goldfisch,Moby,Play & Play: The B Sides,Honey,N,A,1,Smartphone,N,N,
13-01-2018,Evening,Highly Suspect,Mister Asylum,Lydia,Highly Suspect,Mister Asylum,Lydia,Y,S,6,Laptop,N,Y,
13-01-2018,Evening,Highly Suspect,Mister Asylum,Lydia,Highly Suspect,Mister Asylum,Bath Salts,N,S,1,Laptop,N,N,
13-01-2018,Evening,Highly Suspect,Mister Asylum,Bath Salts,Highly Suspect,Mister Asylum,Lydia,N,A,2,Laptop,N,N,
14-01-2018,Evening,Highly Suspect,Mister Asylum,Lydia,Highly Suspect,Mister Asylum,Lydia,N,A,1,Smartphone,N,N,
15-01-2018,Morning,Highly Suspect,Mister Asylum,Lydia,Highly Suspect,Mister Asylum,Lydia,N,A,1,Smartphone,N,N,
15-01-2018,Evening,Highly Suspect,Mister Asylum,Lydia,Queens of the Stone Age,Villains,Feet Don't Fail Me,N,A,1,Smartphone,N,N,
15-01-2018,Evening,Queens of the Stone Age,Villains,Feet Don't Fail Me,Queens of the Stone Age,...Like Clockwork,Keep Your Eyes Peeled,N,A,5,Smartphone,N,Y,
15-01-2018,Evening,Queens of the Stone Age,...Like Clockwork,Keep Your Eyes Peeled,Queens of the Stone Age,...Like Clockwork,My God Is The Sun,N,S,4,Smartphone,N,N,
15-01-2018,Evening,Queens of the Stone Age,...Like Clockwork,Keep Your Eyes Peeled,Arctic Monkeys,Humbug,Fire And The Thud,N,S,5,Smartphone,N,N,
15-01-2018,Evening,Arctic Monkeys,Humbug,Fire And The Thud,Queens of the Stone Age,...Like Clockwork,My God Is The Sun,N,S,7,Smartphone,N,N,
15-01-2018,Evening,Queens of the Stone Age,...Like Clockwork,My God Is The Sun,Queens of the Stone Age,...Like Clockwork,My God Is The Sun,N,S,11,Laptop,N,N,
16-01-2018,Evening,Queens of the Stone Age,...Like Clockwork,My God Is The Sun,Queens of the Stone Age,...Like Clockwork,My God Is The Sun,N,S,5,Smartphone,N,N,
16-01-2018,Evening,Queens of the Stone Age,...Like Clockwork,My God Is The Sun,Queens of the Stone Age,...Like Clockwork,Keep Your Eyes Peeled,N,A,2,Smartphone,N,N,
17-01-2018,Morning,Queens of the Stone Age,...Like Clockwork,Keep Your Eyes Peeled,Queens of the Stone Age,...Like Clockwork,Keep Your Eyes Peeled,N,A,3,Laptop,N,N,
17-01-2018,Evening,Queens of the Stone Age,...Like Clockwork,Keep Your Eyes Peeled,Queens of the Stone Age,...Like Clockwork,I Sat By The Ocean,N,S,11,Laptop,N,N,
18-01-2018,Morning,Queens of the Stone Age,...Like Clockwork,I Sat By The Ocean,Pink Floyd,Pulse (Live),Shine On You Crazy Diamond (Pts. 1-5),N,A,1,Laptop,N,N,
18-01-2018,Morning,Pink Floyd,Pulse (Live),Shine On You Crazy Diamond (Pts. 1-5),Pink Floyd,Pulse (Live),Shine On You Crazy Diamond (Pts. 1-5),N,S,1,Laptop,N,N,
18-01-2018,Morning,Pink Floyd,Pulse (Live),Shine On You Crazy Diamond (Pts. 1-5),Pink Floyd,Pulse (Live),Speak to Me,N,A,1,Laptop,N,N,
18-01-2018,Evening,Pink Floyd,Pulse (Live),Speak to Me,Pink Floyd,A Momentary Lapse of Reason,Signs of Life,N,A,1,Laptop,N,N,
19-01-2108,Morning,Pink Floyd,A Momentary Lapse of Reason,Signs of Life,Queens of the Stone Age,...Like Clockwork,Keep Your Eyes Peeled,N,A,5,Laptop,N,N,
19-01-2108,Evening,Queens of the Stone Age,...Like Clockwork,Keep Your Eyes Peeled,Queens of the Stone Age,...Like Clockwork,I Appear Missing,N,S,8,Laptop,N,N,
19-01-2108,Evening,Queens of the Stone Age,...Like Clockwork,I Appear Missing,Queens of the Stone Age,Villains,Feet Don't Fail Me,N,A,3,Laptop,N,N,
19-01-2108,Evening,Queens of the Stone Age,Villains,Feet Don't Fail Me,Queens of the Stone Age,...Like Clockwork,I Appear Missing,N,A,1,Laptop,N,N,
20-01-2018,Evening,Queens of the Stone Age,...Like Clockwork,I Appear Missing,Pink Floyd,Pulse (Live),Money,N,S,7,Laptop,N,N,
20-01-2018,Evening,Rage Against The Machine,Rage Against The Machine - XX (20th Anniversary Special Edition),Take The Power Back - Remastered,Rage Against The Machine,Rage Against The Machine - XX (20th Anniversary Special Edition),Take The Power Back - Remastered,Y,S,9,Laptop,N,N,
21-01-2018,Morning,Rage Against The Machine,Rage Against The Machine - XX (20th Anniversary Special Edition),Take The Power Back - Remastered,Queens of the Stone Age,...Like Clockwork,My God Is The Sun,N,S,3,Smartphone,N,N,
22-01-2018,Evening,Rage Against The Machine,Rage Against The Machine - XX (20th Anniversary Special Edition),Take The Power Back - Remastered,Oasis,Dig Out Your Soul,The Turning,N,S,4,Laptop,N,N,
22-01-2018,Morning,Oasis,Dig Out Your Soul,The Turning,Rage Against The Machine,Rage Against The Machine - XX (20th Anniversary Special Edition),Take The Power Back - Remastered,N,S,6,Smartphone,N,N,Exam
25-01-2018,Evening,Daft Punk,Discovery,One More Time,Daft Punk,Discovery,One More Time,Y,A,3,Laptop,N,N,
25-01-2018,Evening,Daft Punk,Discovery,One More Time,Daft Punk,Human After All,Robot Rock,N,A,1,Laptop,N,N,
26-01-2018,Evening,Daft Punk,Human After All,Robot Rock,Daft Punk,Alive 2007,Robot Rock / Oh Yeah,N,A,1,Laptop,N,N,
26-01-2018,Evening,Daft Punk,Alive 2007,Robot Rock / Oh Yeah,Daft Punk,Alive 2007,Human After All/Together/One More Time/Music Sounds Better With You,N,S,3,Laptop,N,N,
26-01-2018,Evening,Daft Punk,Alive 2007,Human After All/Together/One More Time/Music Sounds Better With You,Daft Punk,Homework,Da Funk / Daftendirekt,N,A,1,Laptop,N,Y,
26-01-2018,Evening,Daft Punk,Homework,Da Funk / Daftendirekt,Daft Punk,Random Access Memories,Give Life Back to Music,N,A,1,Laptop,N,N,
26-01-2018,Evening,Daft Punk,Random Access Memories,Give Life Back to Music,Daft Punk,Random Access Memories,Doin' it Right,N,S,3,Laptop,N,N,
26-01-2018,Evening,Daft Punk,Random Access Memories,Doin' it Right,Feed Me,Feed Me's Psychedelic Journey,Patience,N,S,1,Laptop,N,N,
26-01-2018,Evening,Feed Me,Feed Me's Psychedelic Journey,Patience,Feed Me,Feed Me's Psychedelic Journey,Patience,N,A,1,Laptop,N,N,
27-01-2018,Morning,Feed Me,Feed Me's Psychedelic Journey,Patience,Feed Me,Feed Me's Psychedelic Journey,Patience,N,A,1,Laptop,N,N,
27-01-2018,Morning,Feed Me,Feed Me's Psychedelic Journey,Patience,Feed Me,Calamari Tuesday,Orion,N,A,1,Laptop,N,N,
28-01-2018,Morning,Feed Me,Calamari Tuesday,Orion,Feed Me,Calamari Tuesday,Orion,N,A,1,Laptop,N,N,
28-01-2018,Morning,Feed Me,Calamari Tuesday,Orion,Netsky,2 Deluxe,Love Has Gone,N,A,1,Laptop,N,N,
28-01-2018,Evening,Netsky,2 Deluxe,Love Has Gone,Netsky,3,Thunder,N,S,1,Laptop,N,N,
28-01-2018,Evening,Netsky,3,Thunder,Netsky,3,Rio,N,S,10,Laptop,N,N,
28-01-2018,Evening,Netsky,3,Rio,Netsky,3,Thunder,N,A,1,Laptop,N,N,
29-01-2018,Morning,Netsky,3,Thunder,Kölsch,1977,Goldfisch,N,A,2,Laptop,N,N,
29-01-2018,Morning,Kölsch,1977,Goldfisch,Kölsch,1977,Goldfisch,N,A,3,Laptop,N,N,
29-01-2018,Evening,Kölsch,1977,Goldfisch,GusGus,Deep Inside,Deep Inside - Kölsch Vocal Mix,N,S,1,Laptop,N,N,
30-01-2018,Morning,GusGus,Deep Inside,Deep Inside - Kölsch Vocal Mix,GusGus,Deep Inside,Deep Inside - Kölsch Vocal Mix,N,S,2,Laptop,N,N,
30-01-2018,Morning,GusGus,Deep Inside,Deep Inside - Kölsch Vocal Mix,Joris Voorn,Nobody Knows Remixes,The Monk - Kölsch Remix,N,S,1,Laptop,N,N,
30-01-2018,Morning,Joris Voorn,Nobody Knows Remixes,The Monk - Kölsch Remix,GusGus,Deep Inside,Deep Inside - Kölsch Vocal Mix,N,S,1,Laptop,N,N,
01-02-2018,Evening,Primal Scream,Screamadelica,Ivy Ivy Ivy,Primal Scream,Screamadelica,Ivy Ivy Ivy,Y,A,2,Laptop,N,N,
01-02-2018,Evening,Primal Scream,Screamadelica,Ivy Ivy Ivy,Primal Scream,Screamadelica,Loaded,N,S,2,Laptop,N,N,
01-02-2018,Evening,Primal Scream,Screamadelica,Loaded,The Rolling Stones,Let It Bleed,You Can't Always Get What You Want,N,S,1,Laptop,N,N,
01-02-2018,Evening,The Rolling Stones,Let It Bleed,You Can't Always Get What You Want,Primal Scream,Screamadelica,I'm Losing More Than I'll Ever Have,N,S,8,Smartphone,N,N,
01-02-2018,Evening,Primal Scream,Screamadelica,I'm Losing More Than I'll Ever Have,Primal Scream,Screamadelica,Loaded,N,S,6,Smartphone,N,N,
02-02-2108,Evening,Primal Scream,Screamadelica,Loaded,Primal Scream,Screamadelica,Ivy Ivy Ivy,N,A,2,Laptop,N,N,
04-02-2018,Evening,Primal Scream,Screamadelica,Ivy Ivy Ivy,Primal Scream,Screamadelica,I'm Losing More Than I'll Ever Have,N,S,3,Laptop,N,N,
04-02-2018,Evening,Primal Scream,Screamadelica,I'm Losing More Than I'll Ever Have,Oasis,Dig Out Your Soul,Bag It Up,N,A,1,Smartphone,N,N,
04-02-2018,Evening,Oasis,Dig Out Your Soul,Bag It Up,Rage Against The Machine,Rage Against The Machine - XX (20th Anniversary Special Edition),Bombtrack - Remastered,N,A,1,Smartphone,N,N,
05-02-2018,Evening,Rage Against The Machine,Rage Against The Machine - XX (20th Anniversary Special Edition),Take The Power Back - Remastered,Rage Against The Machine,Rage Against The Machine - XX (20th Anniversary Special Edition),Take The Power Back - Remastered,N,A,4,Smartphone,N,N,Exam
06-02-2018,Morning,Rage Against The Machine,Rage Against The Machine - XX (20th Anniversary Special Edition),Take The Power Back - Remastered,Rage Against The Machine,Rage Against The Machine - XX (20th Anniversary Special Edition),Take The Power Back - Remastered,N,A,5,Smartphone,N,N,Exam
06-02-2018,Evening,Radiohead,Amnesiac,Packt Like Sardines in a Crushd Tin Box,Radiohead,Amnesiac,Packt Like Sardines in a Crushd Tin Box,Y,A,1,Smartphone,N,N,Exam
07-02-2018,Evening,The War On Drugs,Lost In The Dream,Under The Pressure,The War On Drugs,Lost In The Dream,Under The Pressure,Y,A,1,Laptop,N,N,
07-02-2018,Evening,The War On Drugs,Lost In The Dream,Under The Pressure,Todd Terje,It's Album Time,Intro (It's Album Time),N,A,2,Laptop,N,N,
07-02-2018,Evening,Todd Terje,It's Album Time,Intro (It's Album Time),Todd Terje,It's Album Time,Inspector Norse,N,S,9,Laptop,N,N,
07-02-2018,Evening,Todd Terje,It's Album Time,Inspector Norse,Todd Terje,It's Album Time,Alfonso Muskedunder,N,S,1,Laptop,N,N,
08-02-2018,Morning,Todd Terje,It's Album Time,Alfonso Muskedunder,Todd Terje,It's Album Time,Intro (It's Album Time),N,A,2,Laptop,N,N,
08-02-2018,Evening,Todd Terje,It's Album Time,Intro (It's Album Time),Todd Terje,It's Album Time,Intro (It's Album Time),N,A,4,Laptop,N,N,
08-02-2018,Evening,Todd Terje,It's Album Time,Intro (It's Album Time),Todd Terje,It's Album Time,"Swing Star, Pt. 1",N,S,1,Laptop,N,N,
09-02-2018,Evening,Todd Terje,It's Album Time,"Swing Star, Pt. 1",Todd Terje,It's Album Time,Inspector Norse,N,S,11,Laptop,N,N,
09-02-2018,Evening,Todd Terje,It's Album Time,Inspector Norse,Todd Terje,It's Album Time,"Swing Star, Pt. 1",N,S,9,Laptop,N,N,
11-02-2018,Evening,Todd Terje,It's Album Time,"Swing Star, Pt. 1",Todd Terje,It's Album Time,"Swing Star, Pt. 1",N,S,5,Laptop,N,N,
12-02-2018,Morning,Queens of the Stone Age,...Like Clockwork,My God Is The Sun,Queens of the Stone Age,...Like Clockwork,My God Is The Sun,Y,S,3,Laptop,N,N,
13-02-2018,Evening,Run The Jewels,Run the Jewels 2,Jeopardy,Run The Jewels,Run the Jewels 2,Jeopardy,Y,A,1,Smartphone,N,N,
13-02-2018,Evening,Run The Jewels,Run the Jewels 2,Angel Duster,Run The Jewels,Run the Jewels 2,Angel Duster,N,S,3,Smartphone,N,N,
14-02-2018,Evening,The Zen Circus,Andate tutti affanculo,Vecchi senza esperienza,The Zen Circus,Andate tutti affanculo,Vecchi senza esperienza,Y,S,2,Laptop,N,N,
14-02-2018,Evening,The Zen Circus,Andate tutti affanculo,Vecchi senza esperienza,The Zen Circus,La terza guerra mondiale,Niente di spirituale,N,S,1,Laptop,N,N,
14-02-2018,Evening,The Zen Circus,La terza guerra mondiale,Niente di spirituale,The Zen Circus,La terza guerra mondiale,San Salvario,N,S,1,Laptop,N,N,
14-02-2018,Evening,Oasis,(What's The Story) Morning Glory? (Deluxe Edition) [Remastered],Wonderwall - Remastered,Oasis,(What's The Story) Morning Glory? (Deluxe Edition) [Remastered],Wonderwall - Remastered,Y,S,5,Smartphone,N,N,
14-02-2018,Evening,Oasis,(What's The Story) Morning Glory? (Deluxe Edition) [Remastered],Wonderwall - Remastered,Oasis,Standing On The Shoulder Of Giants,Gas Panic!,N,S,4,Smartphone,N,N,
15-02-2018,Morning,Oasis,Standing On The Shoulder Of Giants,Gas Panic!,Oasis,Standing On The Shoulder Of Giants,Gas Panic!,N,S,1,Laptop,N,N,
15-02-2018,Morning,Rage Against The Machine,Rage Against The Machine - XX (20th Anniversary Special Edition),Bombtrack - Remastered,Rage Against The Machine,Rage Against The Machine - XX (20th Anniversary Special Edition),Bombtrack - Remastered,N,S,1,Laptop,N,N,
15-02-2018,Evening,Rage Against The Machine,Rage Against The Machine - XX (20th Anniversary Special Edition),Bombtrack - Remastered,Rage Against The Machine,Rage Against The Machine - XX (20th Anniversary Special Edition),Killing in the Name,N,S,1,Laptop,N,N,
15-02-2018,Evening,Rage Against The Machine,Rage Against The Machine - XX (20th Anniversary Special Edition),Killing in the Name,Rage Against The Machine,Rage Against The Machine - XX (20th Anniversary Special Edition),Bombtrack - Remastered,N,A,1,Smartphone,N,N,
16-02-2018,Morning,The Prodigy,Invaders Must Die,Omen,The Prodigy,Invaders Must Die,Omen,N,S,4,Smartphone,N,N,Exam
17-02-2018,Morning,The Zen Circus,Il fuoco in una stanza,Catene,The Zen Circus,Il fuoco in una stanza,Catene,Y,S,1,Smartphone,N,N,
17-02-2018,Morning,The Zen Circus,Il fuoco in una stanza,Catene,The Zen Circus,Andate tutti affanculo,Vecchi senza esperienza,N,S,2,Smartphone,N,N,
17-02-2018,Morning,The Zen Circus,Andate tutti affanculo,Vecchi senza esperienza,The Zen Circus,La terza guerra mondiale,L'anima non conta,N,A,1,Smartphone,N,N,
17-02-2018,Morning,The Zen Circus,La terza guerra mondiale,L'anima non conta,Iosonouncane,DIE,Tanca,N,A,2,Smartphone,N,N,
17-02-2018,Morning,Iosonouncane,DIE,Tanca,Iosonouncane,DIE,Stormi,N,S,2,Smartphone,N,N,
17-02-2018,Morning,Iosonouncane,DIE,Stormi,Iosonouncane,DIE,Carne,N,S,2,Smartphone,N,N,
19-02-2018,Evening,Queens of the Stone Age,...Like Clockwork,I Appear Missing,Queens of the Stone Age,...Like Clockwork,I Appear Missing,Y,S,7,Smartphone,N,N,
20-02-2018,Evening,Queens of the Stone Age,...Like Clockwork,I Appear Missing,Queens of the Stone Age,...Like Clockwork,My God Is The Sun,N,S,1,Laptop,N,N,
20-02-2018,Evening,Queens of the Stone Age,...Like Clockwork,My God Is The Sun,Queens of the Stone Age,...Like Clockwork,Keep Your Eyes Peeled,N,A,3,Laptop,N,N,
20-02-2018,Evening,Queens of the Stone Age,...Like Clockwork,Keep Your Eyes Peeled,Queens of the Stone Age,...Like Clockwork,I Sat By The Ocean,N,S,1,Laptop,N,N,
20-02-2018,Evening,Queens of the Stone Age,...Like Clockwork,I Sat By The Ocean,Queens of the Stone Age,...Like Clockwork,The Vampyre of Time And Memory,N,S,1,Laptop,N,N,
23-02-2018,Morning,Chick Corea Elektric Band,Beneath The Mask,Jammin E. Cricket,Chick Corea Elektric Band,Beneath The Mask,Jammin E. Cricket,Y,S,1,Laptop,Y,Y,
23-02-2018,Morning,Chick Corea Elektric Band,Beneath The Mask,Jammin E. Cricket,Chick Corea Elektric Band,Beneath The Mask,Beneath The Mask,N,S,1,Laptop,Y,N,
23-02-2018,Morning,Chick Corea Elektric Band,Beneath The Mask,Beneath The Mask,Hiromi,Voice,Voice,N,S,1,Laptop,Y,Y,
23-02-2018,Morning,Chick Corea Elektric Band,Beneath The Mask,Jammin E. Cricket,Hiromi,Voice,Labyrinth,N,S,1,Laptop,Y,Y,
23-02-2018,Morning,Hiromi,Voice,Labyrinth,Hiromi,Alive,Dreamer,N,S,1,Laptop,Y,N,
23-02-2018,Morning,Hiromi,Alive,Dreamer,Roy Hargrove,Nothing Serious,Trust,N,S,1,Laptop,Y,N,
23-02-2018,Morning,Roy Hargrove,Nothing Serious,Trust,Yiorgos Fakanas,Domino,Freedom Jazz Dance,N,S,1,Laptop,Y,Y,
23-02-2018,Morning,Yiorgos Fakanas,Domino,Freedom Jazz Dance,Sonny Rollins,The Essential Sonny Rollins: The RCA Years,The Night Has a Thousand Eyes,N,S,1,Laptop,Y,Y,
23-02-2018,Morning,Sonny Rollins,The Essential Sonny Rollins: The RCA Years,The Night Has a Thousand Eyes,Chick Corea Elektric Band,The Chick Corea Elektric Band,Got A Match?,N,S,7,Laptop,Y,N,
23-02-2018,Evening,Chick Corea Elektric Band,The Chick Corea Elektric Band,Got A Match?,Todd Terje,It's Album Time,Intro (It's Album Time),N,A,2,Laptop,N,N,
23-02-2018,Evening,Todd Terje,It's Album Time,Intro (It's Album Time),Chick Corea Elektric Band,The Chick Corea Elektric Band,Got A Match?,N,S,8,Laptop,N,N,
24-02-2018,Evening,Chick Corea Elektric Band,The Chick Corea Elektric Band,Got A Match?,Hiromi,Alive,Seeker,N,A,2,Smartphone,N,N,
25-02-2018,Morning,Hiromi,Alive,Seeker,Hiromi,Alive,Seeker,N,A,1,Laptop,N,N,
25-02-2018,Morning,Hiromi,Alive,Seeker,Billy Cobham,Spectrum,Quadrant 4,N,A,1,Laptop,N,N,
25-02-2018,Morning,Billy Cobham,Spectrum,Quadrant 4,Billy Cobham,Spectrum,Red Baron,N,S,1,Laptop,N,N,
25-02-2018,Morning,Billy Cobham,Spectrum,Red Baron,Chick Corea Elektric Band,The Chick Corea Elektric Band,Got A Match?,N,S,1,Laptop,N,N,
25-02-2018,Evening,Chick Corea Elektric Band,The Chick Corea Elektric Band,Got A Match?,Todd Terje,It's Album Time,Intro (It's Album Time),N,A,1,Laptop,N,N,
26-02-2018,Morning,Todd Terje,It's Album Time,Intro (It's Album Time),Todd Terje,It's Album Time,Intro (It's Album Time),N,A,1,Laptop,N,N,
26-02-2018,Evening,Todd Terje,It's Album Time,Intro (It's Album Time),Ratatat,Classics,Montanita,N,A,1,Laptop,N,N,
26-02-2018,Evening,Ratatat,Classics,Montanita,Childish Gambino,"""Awaken, My Love!""",Me and Your Mama,N,A,3,Laptop,N,N,
26-02-2018,Evening,Childish Gambino,"""Awaken, My Love!""",Me and Your Mama,The War On Drugs,Lost In The Dream,Under The Pressure,N,A,2,Laptop,N,N,
26-02-2018,Evening,The War On Drugs,Lost In The Dream,Under The Pressure,The War On Drugs,Lost In The Dream,In Reverse,N,S,1,Laptop,N,N,
26-02-2018,Morning,Rage Against The Machine,Rage Against The Machine - XX (20th Anniversary Special Edition),Take The Power Back - Remastered,Rage Against The Machine,Rage Against The Machine - XX (20th Anniversary Special Edition),Take The Power Back - Remastered,Y,S,4,Laptop,N,N,
28-02-2018,Evening,The War On Drugs,Lost In The Dream,Under The Pressure,The War On Drugs,Lost In The Dream,Under The Pressure,Y,A,1,Laptop,N,N,
01-03-2018,Morning,The War On Drugs,Lost In The Dream,Under The Pressure,The War On Drugs,Lost In The Dream,Under The Pressure,N,A,1,Laptop,N,N,
01-03-2018,Evening,deadmau5,For Lack of a Better Name (The Extended Mixes),Strobe - Radio Edit,deadmau5,For Lack of a Better Name (The Extended Mixes),Strobe - Radio Edit,Y,S,6,Smartphone,N,N,
02-03-2018,Evening,Gorillaz,The Now Now,Re-Hash,Gorillaz,The Now Now,Re-Hash,Y,A,1,Laptop,N,N,
04-03-2018,Evening,Radiohead,Amnesiac,Pyramid Song,Radiohead,Amnesiac,Pyramid Song,Y,S,5,Smartphone,N,N,
05-03-2018,Morning,Gorillaz,The Now Now,Re-Hash,Gorillaz,The Now Now,Re-Hash,Y,A,1,Laptop,N,N,
05-03-2018,Evening,Gorillaz,The Now Now,Re-Hash,Radiohead,Amnesiac,Packt Like Sardines in a Crushd Tin Box,N,A,1,Smartphone,N,N,
05-03-2018,Evening,Radiohead,Amnesiac,Packt Like Sardines in a Crushd Tin Box,Radiohead,Kid A,Everything In Its Right Place,N,A,1,Smartphone,N,N,
05-03-2018,Evening,Radiohead,Kid A,Everything In Its Right Place,Klangkarussell,Netzwerk (Deluxe),Eistee aus der Dose,N,A,1,Smartphone,N,N,
05-03-2018,Evening,Klangkarussell,Netzwerk (Deluxe),Eistee aus der Dose,Klangkarussell,Netzwerk (Deluxe),Eistee aus der Dose,N,S,2,Smartphone,N,N,
07-03-2018,Evening,Butch Cassidy,Dope,Dope,Butch Cassidy,Dope,Dope,Y,S,7,Smartphone,N,N,
09-03-2018,Evening,The Last Shadow Puppets,Everything You've Come To Expect (Deluxe Edition),Aviation,The Last Shadow Puppets,Everything You've Come To Expect (Deluxe Edition),Aviation,Y,A,1,Smartphone,N,N,
09-03-2018,Evening,The Last Shadow Puppets,Everything You've Come To Expect (Deluxe Edition),Aviation,The Last Shadow Puppets,Everything You've Come To Expect (Deluxe Edition),Bad Habits,N,S,2,Smartphone,N,N,
12-03-2018,Evening,SBTRKT,Wonder Where We Land,Everybody Knows,SBTRKT,Wonder Where We Land,Everybody Knows,Y,S,11,Laptop,N,N,
13-03-2018,Evening,The Kills,Ash & Ice,Doing It To Death,The Kills,Ash & Ice,Doing It To Death,Y,A,1,Laptop,N,Y,
13-03-2018,Evening,The Kills,Ash & Ice,Doing It To Death,The Last Shadow Puppets,Everything You've Come To Expect (Deluxe Edition),Bad Habits,N,S,2,Smartphone,N,N,
15-03-2018,Morning,The Last Shadow Puppets,Everything You've Come To Expect (Deluxe Edition),Bad Habits,The Kills,Ash & Ice,Doing It To Death,N,A,1,Smartphone,N,N,
15-03-2018,Morning,The Kills,Ash & Ice,Doing It To Death,The Kills,Ash & Ice,Doing It To Death,N,A,1,Laptop,N,N,
15-03-2018,Evening,The Kills,Ash & Ice,Doing It To Death,The Kills,Ash & Ice,Doing It To Death,N,A,1,Smartphone,N,N,
15-03-2018,Evening,The Kills,Ash & Ice,Doing It To Death,The Kills,Keep On Your Mean Side,Fuck The People,N,S,1,Smartphone,N,N,
16-03-2018,Morning,The Kills,Keep On Your Mean Side,Fuck The People,The Kills,Keep On Your Mean Side,Superstition,N,A,2,Smartphone,N,N,
16-03-2018,Morning,The Kills,Keep On Your Mean Side,Superstition,The Kills,No Wow,No Wow,N,A,1,Smartphone,N,N,
16-03-2018,Morning,The Kills,No Wow,No Wow,The Kills,Midnight Boom,U.R.A Fever,N,A,1,Smartphone,N,N,
16-03-2018,Evening,The Kills,Midnight Boom,U.R.A Fever,The Kills,Future Starts Slow,Future Starts Slow,N,A,2,Smartphone,N,N,
16-03-2018,Evening,The Kills,Future Starts Slow,Future Starts Slow,The Kills,Future Starts Slow,Future Starts Slow,N,S,4,Smartphone,N,N,
16-03-2018,Evening,The Kills,Future Starts Slow,Future Starts Slow,The Kills,Future Starts Slow,Future Starts Slow,N,S,5,Smartphone,N,N,
17-03-2018,Evening,The Kills,Future Starts Slow,Future Starts Slow,The Kills,Ash & Ice,Doing It To Death,N,A,3,Laptop,N,N,
18-03-2018,Evening,The War On Drugs,A Deeper Understanding,Up All Night,The War On Drugs,A Deeper Understanding,Up All Night,Y,A,1,Smartphone,N,N,
19-03-2018,Morning,The War On Drugs,A Deeper Understanding,Up All Night,The War On Drugs,Lost In The Dream,Under The Pressure,N,A,2,Smartphone,N,N,
19-03-2018,Morning,The War On Drugs,Lost In The Dream,Under The Pressure,alt-J,An Awesome Wave,Intro,N,A,1,Smartphone,N,N,
19-03-2018,Morning,alt-J,An Awesome Wave,Intro,alt-J,This Is All Yours,Intro,N,A,1,Smartphone,N,N,
19-03-2018,Evening,alt-J,This Is All Yours,Intro,Queens of the Stone Age,...Like Clockwork,Keep Your Eyes Peeled,N,A,3,Smartphone,N,N,
22-03-2018,Morning,Queens of the Stone Age,...Like Clockwork,Keep Your Eyes Peeled,The Kills,Future Starts Slow,Future Starts Slow,N,A,2,Smartphone,N,N,
22-03-2018,Morning,Queens of the Stone Age,...Like Clockwork,Keep Your Eyes Peeled,Franz Ferdinand,Tonight: Franz Ferdinand,Ulysses,N,A,1,Smartphone,N,N,
22-03-2018,Morning,Franz Ferdinand,Tonight: Franz Ferdinand,Ulysses,Franz Ferdinand,Tonight: Franz Ferdinand,Ulysses,N,S,7,Smartphone,N,N,
22-03-2018,Evening,Jack White,Boarding House Reach,Ice Station Zebra,Jack White,Boarding House Reach,Ice Station Zebra,Y,S,1,Laptop,Y,Y,
23-03-2018,Evening,Franz Ferdinand,Always Ascending (Remixes),Always Ascending - Cassius Remix,Franz Ferdinand,Always Ascending (Remixes),Always Ascending - Cassius Remix,Y,A,2,Smartphone,N,Y,
24-03-2018,Evening,The Dead Weather,Dodge and Burn,I Feel Love (Every Million Miles),The Dead Weather,Dodge and Burn,I Feel Love (Every Million Miles),Y,S,1,Laptop,N,N,
24-03-2018,Evening,The Dead Weather,Dodge and Burn,I Feel Love (Every Million Miles),Jack White,Lazaretto,Three Women,N,A,1,Laptop,N,N,
24-03-2018,Evening,Jack White,Lazaretto,Three Women,Jack White,Boarding House Reach,Connected By Love,N,A,1,Laptop,N,Y,
26-03-2018,Morning,Hiromi,Alive,Seeker,Hiromi,Alive,Seeker,Y,A,2,Laptop,N,N,
26-03-2018,Morning,Todd Terje,It's Album Time,Intro (It's Album Time),Todd Terje,It's Album Time,Intro (It's Album Time),Y,A,3,Laptop,N,N,
26-03-2018,Evening,Todd Terje,It's Album Time,Intro (It's Album Time),Todd Terje,It's Album Time,Delorean Dynamite (Disco Mix),N,S,7,Laptop,N,N,
26-03-2018,Evening,Todd Terje,It's Album Time,Delorean Dynamite (Disco Mix),Todd Terje,It's Album Time,"Swing Star, Pt. 1",N,S,8,Laptop,N,N,
27-03-2018,Evening,Todd Terje,It's Album Time,Delorean Dynamite (Disco Mix),Todd Terje,It's Album Time,Delorean Dynamite (Disco Mix),N,S,4,Smartphone,N,N,
28-03-2018,Morning,Todd Terje,It's Album Time,Delorean Dynamite (Disco Mix),Todd Terje,It's Album Time,Delorean Dynamite (Disco Mix),N,A,1,Smartphone,N,N,
28-03-2018,Morning,Todd Terje,It's Album Time,Delorean Dynamite (Disco Mix),Home,Odyssey,Intro,N,A,3,Smartphone,N,N,
04-04-2018,Evening,Home,Odyssey,Intro,Todd Terje,It's Album Time,Intro (It's Album Time),N,A,1,Smartphone,N,N,
05-04-2018,Morning,Todd Terje,It's Album Time,Intro (It's Album Time),Home,Odyssey,Intro,N,A,3,Laptop,N,N,
05-04-2018,Evening,Todd Terje,It's Album Time,Intro (It's Album Time),Tangerine Dream,Dream Sequence,The Dream Is Always The Same,N,A,1,Laptop,N,Y,
06-04-2018,Morning,Arctic Monkeys,When The Sun Goes Down,Settle For A Draw,Arctic Monkeys,When The Sun Goes Down,Settle For A Draw,Y,S,4,Smartphone,N,N,
06-04-2018,Morning,Arctic Monkeys,When The Sun Goes Down,Settle For A Draw,Arctic Monkeys,Favourite Worst Nightmare (Standard Version),Brianstorm,N,A,2,Laptop,N,N,
06-04-2018,Morning,Arctic Monkeys,Favourite Worst Nightmare (Standard Version),Brianstorm,Arctic Monkeys,Suck It and See,She's Thunderstorms,N,A,2,Laptop,N,N,
06-04-2018,Evening,Arctic Monkeys,Suck It and See,She's Thunderstorms,Kasabian,For Crying Out Loud (Deluxe),You're in Love with a Psycho,N,A,2,Laptop,N,N,
07-04-2018,Evening,alt-J,RELAXER,3WW,alt-J,RELAXER,3WW,Y,A,2,Laptop,N,N,
08-04-2018,Evening,alt-J,RELAXER,3WW,alt-J,This Is All Yours,Intro,N,A,2,Laptop,N,N,
08-04-2018,Evening,alt-J,This Is All Yours,Intro,alt-J,This Is All Yours,Hunger Of The Pine,N,S,20,Laptop,N,N,
09-04-2018,Morning,alt-J,This Is All Yours,Hunger Of The Pine,Jamie xx,In Colour,Gosh,N,A,3,Laptop,N,N,
09-04-2018,Morning,Jamie xx,In Colour,Gosh,The xx,I See You,Dangerous,N,A,1,Laptop,N,N,
09-04-2018,Morning,The xx,I See You,Dangerous,Digitalism,Mirage,Arena,N,A,2,Laptop,N,N,
11-04-2018,Evening,Daft Punk,Discovery,Too Long,Daft Punk,Discovery,Too Long,N,S,2,Smartphone,N,N,
11-04-2018,Evening,Daft Punk,Discovery,Too Long,Daft Punk,Discovery,Face To Face,N,S,3,Smartphone,N,N,
13-04-2018,Morning,Daft Punk,Discovery,Face To Face,Daft Punk,Discovery,One More Time,N,A,1,Smartphone,N,N,
13-04-2018,Morning,Daft Punk,Discovery,One More Time,Daft Punk,Alive 2007,Robot Rock / Oh Yeah,N,A,1,Smartphone,N,N,
13-04-2018,Morning,Daft Punk,Alive 2007,Robot Rock / Oh Yeah,Daft Punk,Human After All,Robot Rock,N,A,1,Smartphone,N,N,
13-04-2018,Evening,Daft Punk,Human After All,Robot Rock,Daft Punk,Alive 2007,Robot Rock / Oh Yeah,N,A,1,Smartphone,N,N,
13-04-2018,Evening,Daft Punk,Alive 2007,Robot Rock / Oh Yeah,Boys Noize,Out of the Black (Commentary Version),What You Want - Chromeo Remix,N,A,1,Smartphone,N,N,
13-04-2018,Evening,Boys Noize,Out of the Black (Commentary Version),What You Want - Chromeo Remix,Boys Noize,Oi Oi Oi,& Down,N,A,1,Smartphone,N,Y,
13-04-2018,Evening,Boys Noize,Oi Oi Oi,& Down,Boys Noize,Oi Oi Oi,Oh!,N,S,7,Smartphone,N,N,
15-04-2018,Morning,Boys Noize,Oi Oi Oi,Oh!,Boys Noize,Oi Oi Oi,Oh!,N,S,5,Smartphone,N,N,
15-04-2018,Morning,Boys Noize,Oi Oi Oi,Oh!,Boys Noize,Mayday,Overthrow - Club Version,N,A,2,Laptop,N,N,
15-04-2018,Morning,Boys Noize,Mayday,Overthrow - Club Version,SBTRKT,Wonder Where We Land,NEW DORP. NEW YORK,N,A,1,Laptop,N,Y,
15-04-2018,Morning,SBTRKT,Wonder Where We Land,NEW DORP. NEW YORK,Digitalism,Idealism,Magnets,N,A,1,Laptop,N,N,
15-04-2018,Evening,Digitalism,Idealism,Magnets,Digitalism,"I Love You, Dude",Stratosphere,N,A,1,Laptop,N,N,
15-04-2018,Evening,Digitalism,"I Love You, Dude",Stratosphere,Digitalism,Mirage,Arena,N,A,3,Laptop,N,N,
18-04-2018,Morning,Digitalism,Mirage,Arena,The Bloody Beetroots,Romborama,Warp 1.9 (feat. Steve Aoki),N,A,1,Laptop,N,N,
18-04-2018,Morning,The Bloody Beetroots,Romborama,Warp 1.9 (feat. Steve Aoki),The Bloody Beetroots,HIDE,Spank,N,A,1,Laptop,N,N,
18-04-2018,Morning,The Bloody Beetroots,HIDE,Spank,The Bloody Beetroots,The Great Electronic Swindle,My Name Is Thunder,N,A,3,Laptop,N,N,
23-04-2018,Morning,Todd Terje,It's Album Time,Intro (It's Album Time),Todd Terje,It's Album Time,Intro (It's Album Time),Y,A,2,Laptop,N,N,
23-04-2018,Evening,Todd Terje,It's Album Time,Intro (It's Album Time),Com Truise,Galactic Melt,Terminal,N,A,1,Laptop,N,Y,
23-04-2018,Evening,Com Truise,Galactic Melt,Terminal,Mr. Oizo,Analog Worms Attack,Bad Start,N,A,1,Laptop,N,Y,
24-04-2018,Evening,Mr. Oizo,Analog Worms Attack,Bad Start,Lindstrøm,It's Alright Between Us as It Is,Spire,N,A,1,Laptop,N,Y,
24-04-2018,Evening,Lindstrøm,It's Alright Between Us as It Is,Spire,Lindstrøm,It's Alright Between Us as It Is,Spire,N,S,1,Laptop,N,N,
24-04-2018,Evening,Lindstrøm,It's Alright Between Us as It Is,Spire,Lindstrøm,It's Alright Between Us as It Is,Spire,N,S,1,Laptop,N,N,
25-04-2018,Evening,Lindstrøm,It's Alright Between Us as It Is,Spire,Dimitri From Paris,My Salsoul,Seconds,N,A,1,Smartphone,N,Y,
25-04-2018,Evening,Dimitri From Paris,My Salsoul,Seconds,Butch Cassidy,Dope,Dope,N,S,2,Smartphone,N,N,
25-04-2018,Evening,Butch Cassidy,Dope,Dope,Home,Odyssey,Intro,N,A,2,Smartphone,N,N,
26-04-2018,Morning,Home,Odyssey,Intro,Dimitri From Paris,Sacrebleu,Prologue,N,A,1,Smartphone,N,Y,
26-04-2018,Morning,Dimitri From Paris,Sacrebleu,Prologue,Primal Scream,Screamadelica,Ivy Ivy Ivy,N,A,2,Smartphone,N,N,
26-04-2018,Morning,Primal Scream,Screamadelica,Ivy Ivy Ivy,Primal Scream,Screamadelica,Movin' On Up,N,A,1,Smartphone,N,N,
27-04-2018,Morning,Primal Scream,Screamadelica,Movin' On Up,Oasis,Standing On The Shoulder Of Giants,Fuckin' In The Bushes,N,A,1,Laptop,N,N,
27-04-2018,Morning,Todd Terje,It's Album Time,Alfonso Muskedunder,Todd Terje,It's Album Time,Alfonso Muskedunder,Y,S,1,Laptop,N,N,
29-04-2018,Morning,Todd Terje,It's Album Time,Alfonso Muskedunder,Todd Terje,It's Album Time,Delorean Dynamite (Disco Mix),N,S,2,Laptop,N,N,
29-04-2018,Morning,Todd Terje,It's Album Time,Delorean Dynamite (Disco Mix),Todd Terje,It's Album Time,"Swing Star, Pt. 1",N,S,2,Laptop,N,N,
29-04-2018,Evening,Todd Terje,It's Album Time,"Swing Star, Pt. 1",Kavinsky,OutRun,Prelude,N,A,2,Laptop,N,N,
30-04-2018,Evening,deadmau5,//,71c,deadmau5,//,71c,Y,S,3,Laptop,N,N,
01-05-2018,Evening,Jack White,Boarding House Reach,Connected By Love,Jack White,Boarding House Reach,Connected By Love,Y,A,4,Smartphone,N,N,
02-05-2018,Evening,Jack White,Boarding House Reach,Hypermisophoniac,Jack White,Boarding House Reach,Hypermisophoniac,N,S,6,Smartphone,N,N,
02-05-2018,Evening,Jack White,Boarding House Reach,Hypermisophoniac,Jack White,Boarding House Reach,Corporation,N,S,2,Smartphone,N,N,
02-05-2018,Evening,Jack White,Boarding House Reach,Corporation,Jack White,Boarding House Reach,Over and Over and Over,N,S,2,Smartphone,N,N,
02-05-2018,Evening,Jack White,Boarding House Reach,Over and Over and Over,Jack White,Boarding House Reach,Ice Station Zebra,N,S,2,Smartphone,N,N,
03-05-2018,Morning,Jack White,Boarding House Reach,Connected By Love,Jack White,Boarding House Reach,Connected By Love,N,A,2,Smartphone,N,N,
03-05-2018,Morning,Jack White,Boarding House Reach,Get In the Mind Shaft,Jack White,Boarding House Reach,Get In the Mind Shaft,N,S,4,Smartphone,N,N,
04-05-2018,Evening,Jack White,Boarding House Reach,Get In the Mind Shaft,Jack White,Boarding House Reach,Connected By Love,N,A,1,Smartphone,N,N,
06-05-2018,Evening,Jack White,Boarding House Reach,Connected By Love,Queens of the Stone Age,...Like Clockwork,Keep Your Eyes Peeled,N,A,1,Laptop,N,N,
06-05-2018,Evening,Queens of the Stone Age,...Like Clockwork,Keep Your Eyes Peeled,Queens of the Stone Age,Villains,Feet Don't Fail Me,N,A,1,Laptop,N,N,
07-05-2018,Morning,Queens of the Stone Age,Villains,Feet Don't Fail Me,Queens of the Stone Age,Villains,Feet Don't Fail Me,N,A,1,Laptop,N,N,
07-05-2018,Morning,Queens of the Stone Age,Villains,Feet Don't Fail Me,Queens of the Stone Age,...Like Clockwork,Keep Your Eyes Peeled,N,A,1,Laptop,N,N,
07-05-2018,Morning,Queens of the Stone Age,...Like Clockwork,Keep Your Eyes Peeled,Queens of the Stone Age,...Like Clockwork,I Sat By The Ocean,N,S,3,Laptop,N,N,
07-05-2018,Evening,Queens of the Stone Age,...Like Clockwork,I Sat By The Ocean,Queens of the Stone Age,Songs For The Deaf,"You Think I Ain't Worth A Dollar, But I Feel Like A Millionaire",N,A,3,Laptop,N,N,
08-05-2018,Evening,Queens of the Stone Age,Songs For The Deaf,"You Think I Ain't Worth A Dollar, But I Feel Like A Millionaire",The Kills,Ash & Ice,Doing It To Death,N,A,1,Laptop,N,N,
09-05-2018,Evening,The Kills,Ash & Ice,Doing It To Death,The Kills,Ash & Ice,Doing It To Death,N,S,1,Laptop,N,N,
09-05-2018,Evening,The Kills,Ash & Ice,Doing It To Death,The Kills,Ash & Ice,Doing It To Death,N,A,2,Laptop,N,N,
10-05-2018,Morning,The Kills,Ash & Ice,Doing It To Death,The Kills,Ash & Ice,Doing It To Death,N,A,1,Laptop,N,N,
10-05-2018,Morning,The Kills,Ash & Ice,Doing It To Death,The xx,xx,Intro,N,A,1,Laptop,N,N,
10-05-2018,Evening,The xx,xx,Intro,The Kills,Ash & Ice,Siberian Nights,N,S,5,Smartphone,N,N,
10-05-2018,Evening,The Kills,Ash & Ice,Siberian Nights,The Kills,Future Starts Slow,Future Starts Slow,N,S,4,Smartphone,N,N,
11-05-2018,Morning,Arctic Monkeys,Tranquility Base Hotel & Casino,Star Treatment,Arctic Monkeys,Tranquility Base Hotel & Casino,Star Treatment,Y,A,2,Laptop,N,Y,
11-05-2018,Evening,Arctic Monkeys,Tranquility Base Hotel & Casino,Star Treatment,Jack White,Boarding House Reach,Connected By Love,N,A,3,Laptop,N,N,
11-05-2018,Evening,Jack White,Boarding House Reach,Connected By Love,Jack White,Boarding House Reach,Connected By Love,N,A,1,Smartphone,N,N,
12-05-2018,Evening,Jack White,Boarding House Reach,Connected By Love,Arctic Monkeys,Tranquility Base Hotel & Casino,Four Out Of Five,N,S,4,Laptop,N,N,
13-05-2018,Evening,Arctic Monkeys,Tranquility Base Hotel & Casino,Star Treatment,Arctic Monkeys,Tranquility Base Hotel & Casino,Star Treatment,N,A,5,Laptop,N,N,
13-05-2018,Evening,Arctic Monkeys,Tranquility Base Hotel & Casino,Star Treatment,Arctic Monkeys,AM,Do I Wanna Know?,N,A,2,Laptop,N,N,
14-05-2018,Morning,Jack White,Boarding House Reach,Connected By Love,Jack White,Boarding House Reach,Connected By Love,Y,A,2,Smartphone,N,N,
14-05-2018,Evening,Jack White,Boarding House Reach,Connected By Love,Queens of the Stone Age,Villains,Feet Don't Fail Me,N,A,1,Smartphone,N,N,
14-05-2018,Evening,Queens of the Stone Age,Villains,Feet Don't Fail Me,Queens of the Stone Age,...Like Clockwork,Keep Your Eyes Peeled,N,A,1,Laptop,N,N,
14-05-2018,Evening,Queens of the Stone Age,...Like Clockwork,I Sat By The Ocean,Queens of the Stone Age,...Like Clockwork,I Sat By The Ocean,N,S,1,Laptop,N,N,
15-05-2018,Morning,SBTRKT,Wonder Where We Land,NEW DORP. NEW YORK,SBTRKT,Wonder Where We Land,NEW DORP. NEW YORK,Y,S,6,Laptop,N,N,
15-05-2018,Morning,SBTRKT,Wonder Where We Land,NEW DORP. NEW YORK,SBTRKT,Wonder Where We Land,Everybody Knows,N,S,5,Laptop,N,N,
15-05-2018,Evening,The xx,I See You,Dangerous,The xx,I See You,Dangerous,Y,A,2,Laptop,N,N,
16-05-2018,Morning,The xx,I See You,Dangerous,The xx,I See You,Dangerous,N,A,1,Laptop,N,N,
16-05-2018,Evening,Arctic Monkeys,I Bet You Look Good On The Dancefloor,I Bet You Look Good On The Dancefloor,Arctic Monkeys,"Whatever People Say I Am, That's What I'm Not",I Bet You Look Good On The Dancefloor,Y,S,5,Smartphone,N,N,
17-05-2018,Morning,Superorganism,Superorganism,Something For Your M.I.N.D.,Superorganism,Superorganism,Something For Your M.I.N.D.,Y,S,1,Laptop,Y,Y,
17-05-2018,Morning,Superorganism,Superorganism,Something For Your M.I.N.D.,Superorganism,Superorganism,Everybody Wants To Be Famous,N,S,1,Laptop,Y,N,
17-05-2018,Morning,Calcutta ,//,Paracetamolo,Calcutta ,//,Paracetamolo,Y,S,1,Laptop,Y,N,
17-05-2018,Evening,Arctic Monkeys,Early B-Sides,Settle For A Draw,Arctic Monkeys,Early B-Sides,Settle For A Draw,Y,S,5,Smartphone,N,N,
17-05-2018,Evening,Arctic Monkeys,Early B-Sides,Settle For A Draw,Arctic Monkeys,Early B-Sides,Knock A Door Run,N,S,3,Smartphone,N,N,
17-05-2018,Evening,Arctic Monkeys,Early B-Sides,Knock A Door Run,Arctic Monkeys,"Whatever People Say I Am, That's What I'm Not",When The Sun Goes Down,N,S,4,Smartphone,N,N,
18-05-2018,Evening,Superorganism,Superorganism,It’s All Good,Superorganism,Superorganism,It’s All Good,Y,A,7,Smartphone,N,N,
19-05-2018,Evening,Superorganism,Superorganism,It’s All Good,Superorganism,Superorganism,It’s All Good,N,A,1,Smartphone,N,N,
19-05-2018,Evening,Superorganism,Superorganism,It’s All Good,Todd Terje,It's Album Time,Intro (It's Album Time),N,A,2,Smartphone,N,N,
19-05-2018,Evening,Todd Terje,It's Album Time,Intro (It's Album Time),Todd Terje,It's Album Time,Delorean Dynamite (Disco Mix),N,S,8,Smartphone,N,N,
19-05-2018,Evening,Todd Terje,It's Album Time,Delorean Dynamite (Disco Mix),Todd Terje,It's Album Time,Delorean Dynamite (Disco Mix),N,S,3,Laptop,N,N,
19-05-2018,Evening,Disclosure,//,Ultimatum - Edit,Disclosure,//,Ultimatum - Edit,N,S,6,Laptop,Y,Y,
20-05-2018,Morning,Queens of the Stone Age,Songs For The Deaf,"You Think I Ain't Worth A Dollar, But I Feel Like A Millionaire",Queens of the Stone Age,Songs For The Deaf,"You Think I Ain't Worth A Dollar, But I Feel Like A Millionaire",Y,A,3,Smartphone,N,N,
20-05-2018,Evening,Queens of the Stone Age,Songs For The Deaf,"You Think I Ain't Worth A Dollar, But I Feel Like A Millionaire",Queens of the Stone Age,Songs For The Deaf,"You Think I Ain't Worth A Dollar, But I Feel Like A Millionaire",N,A,2,Smartphone,N,N,
20-05-2018,Evening,Queens of the Stone Age,Songs For The Deaf,"You Think I Ain't Worth A Dollar, But I Feel Like A Millionaire",Queens of the Stone Age,Songs For The Deaf,Another Love Song,N,S,2,Laptop,N,N,
20-05-2018,Evening,Queens of the Stone Age,Songs For The Deaf,Another Love Song,Queens of the Stone Age,Songs For The Deaf,Go With The Flow,N,S,1,Laptop,Y,N,
20-05-2018,Evening,Queens of the Stone Age,Songs For The Deaf,Go With The Flow,Queens of the Stone Age,Songs For The Deaf,No One Knows,N,S,1,Laptop,Y,N,
20-05-2018,Evening,Queens of the Stone Age,Songs For The Deaf,No One Knows,Queens of the Stone Age,Songs For The Deaf,No One Knows,N,S,3,Smartphone,N,N,
20-05-2018,Evening,Queens of the Stone Age,Songs For The Deaf,No One Knows,Queens of the Stone Age,Songs For The Deaf,Go With The Flow,N,S,2,Smartphone,N,N,
20-05-2018,Evening,Queens of the Stone Age,Songs For The Deaf,Go With The Flow,Queens of the Stone Age,...Like Clockwork,I Appear Missing,N,S,1,Smartphone,N,N,
20-05-2018,Evening,Fatboy Slim,You've Come A Long Way Baby,"Right Here, Right Now",Fatboy Slim,You've Come A Long Way Baby,"Right Here, Right Now",Y,S,1,Laptop,Y,Y,
20-05-2018,Evening,Fatboy Slim,You've Come A Long Way Baby,"Right Here, Right Now",Fatboy Slim,You've Come A Long Way Baby,The Rockafeller Skank,N,S,1,Laptop,Y,N,
20-05-2018,Evening,Fatboy Slim,You've Come A Long Way Baby,The Rockafeller Skank,Fatboy Slim,You've Come A Long Way Baby,Praise You,N,S,1,Laptop,Y,N,
21-05-2018,Evening,Fatboy Slim,You've Come A Long Way Baby,Praise You,Fatboy Slim,You've Come A Long Way Baby,"Right Here, Right Now",N,A,2,Laptop,N,N,
22-05-2018,Morning,Fatboy Slim,You've Come A Long Way Baby,"Right Here, Right Now",Fatboy Slim,You've Come A Long Way Baby,"Right Here, Right Now",N,A,1,Laptop,N,N,
22-05-2018,Evening,Fatboy Slim,You've Come A Long Way Baby,"Right Here, Right Now",Fatboy Slim,You've Come A Long Way Baby,"Right Here, Right Now",N,A,1,Laptop,N,N,
23-05-2018,Morning,Fatboy Slim,You've Come A Long Way Baby,"Right Here, Right Now",Fatboy Slim,You've Come A Long Way Baby,"Right Here, Right Now",N,A,2,Laptop,N,N,
24-05-2018,Evening,Todd Terje,It's Album Time,Intro (It's Album Time),Todd Terje,It's Album Time,Intro (It's Album Time),Y,A,2,Smartphone,N,N,
26-05-2018,Evening,Calcutta ,Evergreen,Briciole,Calcutta ,Evergreen,Briciole,Y,A,1,Laptop,Y,N,
26-05-2018,Evening,Calcutta ,Evergreen,Briciole,Calcutta ,Evergreen,Briciole,N,A,1,Laptop,N,N,
27-05-2018,Morning,Fatboy Slim,You've Come A Long Way Baby,"Right Here, Right Now",Fatboy Slim,You've Come A Long Way Baby,"Right Here, Right Now",Y,A,2,Laptop,N,N,
28-05-2018,Morning,The Flaming Lips,Yoshimi Battles The Pink Robots (U.S. Version),Fight Test,The Flaming Lips,Yoshimi Battles The Pink Robots (U.S. Version),Fight Test,Y,A,1,Smartphone,N,Y,
28-05-2018,Morning,The Flaming Lips,Yoshimi Battles The Pink Robots (U.S. Version),Fight Test,Tame Impala,InnerSpeaker,It Is Not Meant To Be,N,A,1,Smartphone,N,N,
31-05-2018,Morning,Queens of the Stone Age,...Like Clockwork,Keep Your Eyes Peeled,Queens of the Stone Age,...Like Clockwork,Keep Your Eyes Peeled,Y,A,1,Smartphone,N,N,
31-05-2018,Morning,Queens of the Stone Age,...Like Clockwork,Keep Your Eyes Peeled,Queens of the Stone Age,Villains,Feet Don't Fail Me,N,A,2,Smartphone,N,N,
31-05-2018,Evening,Queens of the Stone Age,Villains,Feet Don't Fail Me,Queens of the Stone Age,Songs For The Deaf,"You Think I Ain't Worth A Dollar, But I Feel Like A Millionaire",N,A,2,Smartphone,N,N,
31-05-2018,Evening,Queens of the Stone Age,Songs For The Deaf,"You Think I Ain't Worth A Dollar, But I Feel Like A Millionaire",Queens of the Stone Age,Songs For The Deaf,"You Think I Ain't Worth A Dollar, But I Feel Like A Millionaire",N,A,2,Laptop,N,N,
31-05-2018,Evening,Queens of the Stone Age,Songs For The Deaf,"You Think I Ain't Worth A Dollar, But I Feel Like A Millionaire",Queens of the Stone Age,Songs For The Deaf,Go With The Flow,N,S,7,Smartphone,N,N,
01-06-2018,Morning,Gorillaz,Humanz (Deluxe),Ascension (feat. Vince Staples),Gorillaz,Humanz (Deluxe),Ascension (feat. Vince Staples),Y,S,1,Laptop,N,Y,
01-06-2018,Morning,Gorillaz,Humanz (Deluxe),Ascension (feat. Vince Staples),Gorillaz,Humanz (Deluxe),Intro: I Switched My Robot Off,N,A,5,Laptop,N,N,
01-06-2018,Evening,Gorillaz,Humanz (Deluxe),Intro: I Switched My Robot Off,Gorillaz,Humanz (Deluxe),Intro: I Switched My Robot Off,N,A,1,Smartphone,N,N,
02-06-2018,Morning,Gorillaz,Humanz (Deluxe),Intro: I Switched My Robot Off,Blur,The Magic Whip,Lonesome Street,N,A,2,Laptop,N,N,
02-06-2018,Evening,Blur,The Magic Whip,Lonesome Street,Blur,The Magic Whip,Lonesome Street,N,A,5,Laptop,N,N,
03-06-2018,Morning,Blur,The Magic Whip,Lonesome Street,Blur,The Magic Whip,Lonesome Street,N,A,1,Laptop,N,N,
03-06-2018,Morning,Blur,The Magic Whip,Lonesome Street,Fatboy Slim,You've Come A Long Way Baby,"Right Here, Right Now",N,A,2,Laptop,N,N,
05-06-2018,Evening,The Prodigy,Invaders Must Die,Invaders Must Die,The Prodigy,Invaders Must Die,Invaders Must Die,N,A,1,Smartphone,N,N,
06-06-2018,Evening,The Prodigy,Invaders Must Die,Invaders Must Die,The Prodigy,Invaders Must Die,Invaders Must Die,N,A,3,Laptop,N,N,
06-06-2018,Evening,The Prodigy,Invaders Must Die,Invaders Must Die,SBCR,SBCR & Adversaries Vol.2,SPIDER,N,A,2,Laptop,Y,N,
06-06-2018,Evening,SBCR,SBCR & Adversaries Vol.2,SPIDER,SBCR,SBCR & Punks Vol. 3,Back to the Top (feat. TWNTYMLS),N,A,1,Laptop,Y,N,
06-06-2018,Evening,SBCR,SBCR & Punks Vol. 3,Back to the Top (feat. TWNTYMLS),SBCR,Shelter,Shelter,N,S,1,Laptop,Y,N,
06-06-2018,Evening,SBCR,Shelter,Shelter,Owl Vision,FOZZOR,Dizcharge,N,A,1,Laptop,Y,Y,
06-06-2018,Evening,Owl Vision,FOZZOR,Dizcharge,Owl Vision,Downlord,Horus,N,A,1,Laptop,Y,Y,
07-06-2018,Morning,Owl Vision,Downlord,Horus,Owl Vision,FOZZOR,Dizcharge,N,A,2,Laptop,N,N,
07-06-2018,Morning,Owl Vision,FOZZOR,Dizcharge,SBCR,SBCR & Adversaries Vol.2,SPIDER,N,A,3,Laptop,N,N,
07-06-2018,Evening,Queens of the Stone Age,Songs For The Deaf,Go With The Flow,Queens of the Stone Age,Songs For The Deaf,Go With The Flow,Y,S,6,Laptop,N,N,
07-06-2018,Evening,Queens of the Stone Age,Songs For The Deaf,Go With The Flow,Queens of the Stone Age,Songs For The Deaf,"You Think I Ain't Worth A Dollar, But I Feel Like A Millionaire",N,A,1,Laptop,N,N,
07-06-2018,Evening,Queens of the Stone Age,Songs For The Deaf,"You Think I Ain't Worth A Dollar, But I Feel Like A Millionaire",Queens of the Stone Age,Songs For The Deaf,Go With The Flow,N,S,6,Smartphone,N,N,
09-06-2018,Morning,Radiohead,Amnesiac,Packt Like Sardines in a Crushd Tin Box,Radiohead,Amnesiac,Packt Like Sardines in a Crushd Tin Box,Y,A,3,Smartphone,N,N,
14-06-2018,Evening,David Moleon,//,San Salvador - Original Mix,David Moleon,//,San Salvador - Original Mix,Y,s,3,Laptop,Y,N,
15-06-2018,Morning,David Moleon,//,San Salvador - Original Mix,David Moleon,//,San Salvador - Original Mix,N,S,1,Laptop,N,N,
15-06-2018,Morning,David Moleon,//,San Salvador - Original Mix,Kavinsky,OutRun,Prelude,N,A,4,Laptop,N,N,
15-06-2018,Evening,Kavinsky,OutRun,Prelude,Daft Punk,Alive 2007,Robot Rock / Oh Yeah,N,A,1,Laptop,N,N,
15-06-2018,Evening,Daft Punk,Alive 2007,Robot Rock / Oh Yeah,Todd Terje,It's Album Time,Intro (It's Album Time),N,A,2,Laptop,N,N,
15-06-2018,Evening,Todd Terje,It's Album Time,Intro (It's Album Time),Todd Terje,It's Album Time,Delorean Dynamite (Disco Mix),N,S,4,Laptop,N,N,
15-06-2018,Evening,Todd Terje,It's Album Time,Delorean Dynamite (Disco Mix),Todd Terje,It's Album Time,"Swing Star, Pt. 1",N,S,1,Smartphone,N,N,
15-06-2018,Evening,Todd Terje,It's Album Time,"Swing Star, Pt. 1",Tangerine Dream,Dream Sequence,Love On A Real Train,N,S,2,Smartphone,Y,N,
16-06-2018,Morning,Tangerine Dream,Dream Sequence,Love On A Real Train,Jean-Michel Jarre,Oxygene Trilogy,"Oxygene, Pt. 1",N,A,2,Laptop,N,N,
16-06-2018,Evening,Jean-Michel Jarre,Oxygene Trilogy,"Oxygene, Pt. 1",Jean-Michel Jarre,Oxygene Trilogy,"Oxygene, Pt. 1",N,S,2,Laptop,N,N,
16-06-2018,Evening,Jean-Michel Jarre,Oxygene Trilogy,"Oxygene, Pt. 1",deadmau5,//,I'm Not Alone - Deadmau5 Mix,N,S,4,Laptop,Y,N,
16-06-2018,Evening,deadmau5,//,I'm Not Alone - Deadmau5 Mix,deadmau5,while(1<2),avaritia - ov,N,A,2,Laptop,N,N,
17-06-2018,Morning,deadmau5,while(1<2),avaritia - ov,deadmau5,while(1<2),avaritia - ov,N,A,1,Laptop,N,N,
17-06-2018,Evening,deadmau5,while(1<2),avaritia - ov,deadmau5,> album title goes here <,Superliminal,N,A,1,Laptop,N,N,
18-06-2018,Morning,deadmau5,> album title goes here <,Superliminal,deadmau5,> album title goes here <,Superliminal,N,A,2,Laptop,N,N,
18-06-2018,Evening,deadmau5,> album title goes here <,Superliminal,deadmau5,> album title goes here <,Superliminal,N,A,2,Laptop,N,N,
19-06-2018,Evening,deadmau5,> album title goes here <,Superliminal,deadmau5,Random Album Title,"Sometimes Things Get, Whatever",N,A,2,Laptop,N,N,
19-06-2018,Evening,deadmau5,Random Album Title,"Sometimes Things Get, Whatever",Daft Punk,Alive 2007,Robot Rock / Oh Yeah,N,A,2,Smartphone,N,N,
19-06-2018,Evening,Daft Punk,Alive 2007,Robot Rock / Oh Yeah,Daft Punk,Alive 2007,Superheroes / Human After All / Rock'n Roll,N,S,2,Smartphone,N,N,
20-06-2018,Morning,Daft Punk,Alive 2007,Superheroes / Human After All / Rock'n Roll,Daft Punk,Alive 2007,Human After All/Together/One More Time/Music Sounds Better With You,N,S,4,Laptop,N,N,
20-06-2018,Morning,Daft Punk,Alive 2007,Human After All/Together/One More Time/Music Sounds Better With You,Todd Terje,It's Album Time,Delorean Dynamite (Disco Mix),N,S,3,Smartphone,N,N,Exam
20-06-2018,Evening,Todd Terje,It's Album Time,Delorean Dynamite (Disco Mix),Queens of the Stone Age,Songs For The Deaf,Go With The Flow,N,S,4,Smartphone,N,N,Exam
22-06-2018,Evening,Queens of the Stone Age,Songs For The Deaf,Go With The Flow,Daft Punk,Alive 2007,Robot Rock / Oh Yeah,N,A,2,Laptop,N,N,
25-06-2018,Evening,Daft Punk,Alive 2007,Robot Rock / Oh Yeah,Daft Punk,Alive 2007,Robot Rock / Oh Yeah,N,A,1,Laptop,N,N,
26-06-2018,Evening,Queens of the Stone Age,Songs For The Deaf,"You Think I Ain't Worth A Dollar, But I Feel Like A Millionaire",Queens of the Stone Age,Songs For The Deaf,"You Think I Ain't Worth A Dollar, But I Feel Like A Millionaire",Y,A,1,Smartphone,N,N,
28-06-2018,Evening,Daft Punk,Alive 2007,Da Funk / Daftendirekt,Daft Punk,Alive 2007,Da Funk / Daftendirekt,Y,S,1,Smartphone,N,N,
28-06-2018,Evening,Daft Punk,Alive 2007,Da Funk / Daftendirekt,Daft Punk,Alive 2007,Superheroes / Human After All / Rock'n Roll,N,S,1,Smartphone,N,N,
28-06-2018,Evening,Daft Punk,Alive 2007,Superheroes / Human After All / Rock'n Roll,Daft Punk,Alive 2007,Human After All/Together/One More Time/Music Sounds Better With You,N,S,1,Smartphone,N,N,
01-07-2018,Evening,Daft Punk,Alive 2007,Human After All/Together/One More Time/Music Sounds Better With You,Digitalism,Idealism,Echoes,N,S,2,Smartphone,N,N,
01-07-2018,Evening,Digitalism,Idealism,Echoes,Todd Terje,It's Album Time,Intro (It's Album Time),N,A,1,Smartphone,N,N,
09-07-2018,Evening,deadmau5,Random Album Title,"Sometimes Things Get, Whatever",deadmau5,Random Album Title,"Sometimes Things Get, Whatever",Y,A,2,Laptop,N,N,
09-07-2018,Evening,deadmau5,Random Album Title,"Sometimes Things Get, Whatever",deadmau5,> album title goes here <,Superliminal,N,A,1,Laptop,N,N,
10-07-2018,Evening,Queens of the Stone Age,Songs For The Deaf,"You Think I Ain't Worth A Dollar, But I Feel Like A Millionaire",Queens of the Stone Age,Songs For The Deaf,"You Think I Ain't Worth A Dollar, But I Feel Like A Millionaire",Y,A,1,Smartphone,N,N,
11-07-2018,Morning,Todd Terje,It's Album Time,Intro (It's Album Time),Todd Terje,It's Album Time,Intro (It's Album Time),Y,A,1,Laptop,N,N,
11-07-2018,Evening,Todd Terje,It's Album Time,Intro (It's Album Time),Todd Terje,It's Album Time,Delorean Dynamite (Disco Mix),N,S,3,Smartphone,N,N,
13-07-2018,Evening,Todd Terje,It's Album Time,Delorean Dynamite (Disco Mix),Lindstrøm,Leftovers Ep,The Magnificent - Original Mix,N,S,29,Laptop,N,N,
15-07-2018,Evening,Lindstrøm,Leftovers Ep,The Magnificent - Original Mix,Calvin Harris,Ready For The Weekend,5iliconeator,N,S,2,Smartphone,N,N,
15-07-2018,Evening,Calvin Harris,Ready For The Weekend,5iliconeator,Lindstrøm,Leftovers Ep,The Magnificent - Original Mix,N,S,3,Smartphone,N,N,
16-07-2018,Evening,Lindstrøm,Leftovers Ep,The Magnificent - Original Mix,Lindstrøm,Leftovers Ep,The Magnificent - Original Mix,N,S,8,Laptop,N,N,
19-07-2018,Evening,Lindstrøm,Leftovers Ep,The Magnificent - Original Mix,Lindstrøm,Leftovers Ep,The Magnificent - Original Mix,N,S,2,Smartphone,N,N,
20-07-2018,Evening,Lindstrøm,Leftovers Ep,The Magnificent - Original Mix,Lindstrøm,Leftovers Ep,The Magnificent - Original Mix,N,S,4,Smartphone,N,N,
21-07-2018,Evening,Lindstrøm,Leftovers Ep,The Magnificent - Original Mix,Lindstrøm,Leftovers Ep,The Magnificent - Original Mix,N,S,4,Laptop,N,N,
21-07-2018,Evening,Swedish House Mafia,Leave the World Behind,Leave the World Behind - Original Mix,Swedish House Mafia,Leave the World Behind,Leave the World Behind - Original Mix,Y,S,2,Smartphone,N,N,
21-07-2018,Evening,Swedish House Mafia,Leave the World Behind,Leave the World Behind - Original Mix,Netsky,3,Rio,N,S,6,Smartphone,N,N,
23-07-2018,Morning,Netsky,3,Rio,Netsky,3,Rio,N,S,4,Smartphone,N,N,
23-07-2018,Morning,Netsky,3,Rio,Fatboy Slim,You've Come A Long Way Baby,"Right Here, Right Now",N,A,1,Smartphone,N,N,
